Ticker,"Market Capitalization, $K","Shares Outstanding, K",Annual Sales,Annual Net Income,Last Quarter Sales,Last Quarter Net Income,36-Month Beta,% of Insider Shareholders,% of Institutional Shareholders,1-Year Total Return,3-Year Total Return,5-Year Total Return,5-Year Revenue Growth,5-Year Earnings Growth,5-Year Dividend Growth,Price/Earnings ttm,Price/Earnings to Growth,Return-on-Assets Before Tax,Debt/Equity,Price/Cash Flow,Book Value/Share,Price/Earnings forward,Return-on-Equity After Tax,Net Margin %,Price/Sales,Price/Book,Interest Coverage
A,"20,525,854","322,480","4,472 M","684,000 K","1,211 M","-320,000 K",1.31,0.53%,85.85%,24.30%,46.15%,99.13%,-34.79%,-24.36%,76.67%,26.27,2.18,9.72,0.37,21.57,14.01,23.57,17.7,14.78,4.74,4.69,11.16
AAL,"23,794,212","473,140","42,207 M","1,919 M","10,600 M","258,000 K",0.96,0.64%,80.54%,20.33%,5.36%,211.59%,69.81%,0.00%,0.00%,10.64,0.47,4.57,5.73,5.8,8.2,8.46,63.78,,0.58,6.35,3.93
AAP,"8,279,103","73,980","9,374 M","475,510 K","2,037 M","184,500 K",1.04,4.10%,-21.08%,-25.49%,36.49%,51.07%,2.87%,0.00%,0.77 on 02/21/18,21.63,1.4,4.71,0.31,13.28,46.21,16.7,12.45,5.92,0.92,2.52,9.85
AAPL,"854,361,792","5,074,010","229,234 M","48,351 M","88,293 M","20,065 M",1.25,0.08%,61.35%,20.05%,32.48%,174.23%,46.47%,45.96%,531.58%,17.76,1.31,13.83,0.74,15.26,27.56,14.8,37.37,23.53,3.82,6.27,0.0
ABBV,"142,567,936","1,587,970","28,216 M","5,309 M","7,739 M","52,000 K",1.61,0.07%,70.54%,41.65%,44.81%,108.35%,53.51%,67.16%,0.00%,16.5,0.87,13.24,6.07,14.0,3.19,11.95,158.15,,5.19,28.88,8.7
ABC,"18,762,016","219,670","153,144 M","364,480 K","40,466 M","861,850 K",1.06,27.30%,67.31%,-0.92%,-25.96%,57.64%,92.66%,107.77%,180.77%,14.37,1.31,3.82,1.61,10.97,13.16,13.01,53.65,0.88,0.13,6.64,7.32
ABT,"100,536,216","1,746,330","27,390 M","477,000 K","7,589 M","-828,000 K",1.5,0.74%,72.37%,33.88%,22.10%,55.05%,-31.31%,-50.69%,-47.26%,23.94,1.78,6.05,0.87,12.5,17.87,20.14,13.88,13.78,3.82,3.35,3.47
ACN,"93,627,576","635,280","36,765 M","3,445 M","10,068 M","863,700 K",1.04,0.21%,75.58%,27.60%,55.64%,90.83%,23.47%,53.91%,79.26%,23.79,2.27,17.96,0.0,21.16,16.43,22.04,41.5,8.12,2.62,9.22,297.85
ADBE,"107,658,864","492,470","7,302 M","1,694 M","2,079 M","583,080 K",1.04,0.33%,87.03%,70.65%,185.65%,385.48%,65.80%,95.11%,0.00%,55.33,2.58,14.22,0.22,51.84,17.53,40.89,24.42,23.78,15.08,12.75,29.73
ADI,"32,657,036","369,800","5,108 M","727,260 K","1,519 M","268,170 K",1.22,1.10%,88.55%,12.36%,37.47%,98.05%,89.09%,121.60%,53.91%,17.62,1.35,8.46,0.74,14.97,27.77,15.69,18.79,29.83,6.58,3.28,4.3
ADM,"24,773,380","558,840","60,828 M","1,595 M","16,070 M","788,000 K",1.02,2.70%,77.43%,-0.62%,-7.57%,35.81%,144.08%,5.65%,82.86%,18.21,,3.56,0.36,10.74,32.76,15.4,7.91,2.52,0.41,1.36,5.88
ADP,"50,399,796","443,270","12,380 M","1,733 M","3,235 M","467,500 K",0.88,0.25%,78.53%,13.24%,31.69%,96.66%,16.08%,35.04%,44.52%,30.44,2.58,4.29,0.51,25.42,8.86,27.44,43.28,12.69,4.21,13.26,32.64
ADS,"11,410,895","55,460","7,719 M","788,700 K","2,106 M","271,400 K",1.76,2.60%,94.61%,-17.50%,-31.60%,30.33%,111.99%,123.20%,0.00%,11.36,0.77,3.79,9.69,7.41,33.58,9.59,66.17,8.68,1.51,6.25,2.92
ADSK,"27,454,998","218,330","2,057 M","-566,900 K","553,800 K","-173,500 K",1.71,6.10%,95.14%,51.09%,100.43%,227.82%,-11.05%,-212.68%,0.00%,0.0,,-8.18,14.78,,-1.16,"-4,191.67",-206.64,12.3,13.59,,-10.56
AEE,"13,861,452","242,630","6,177 M","523,000 K","1,402 M","-60,000 K",0.26,0.44%,69.77%,4.73%,35.64%,60.97%,-9.53%,16.94%,11.25%,20.23,2.75,2.72,0.97,8.37,30.19,18.9,9.43,1.23,2.26,1.9,3.83
AEP,"33,717,444","492,010","15,425 M","1,913 M","3,810 M","400,700 K",0.17,0.16%,71.71%,2.09%,21.53%,37.11%,3.21%,19.09%,27.13%,18.84,3.29,2.86,1.06,8.62,37.23,17.63,10.05,9.7,2.2,1.85,4.15
AES,"7,542,796","660,490","10,530 M","-1,161,000 K","3,632 M","152,000 K",1.17,1.16%,93.44%,3.49%,-13.48%,-12.82%,-41.95%,-12.90%,1100.00%,10.55,1.23,2.65,3.67,4.04,9.36,9.56,16.52,0.44,0.72,1.57,0.0
AET,"55,704,040","326,940","60,535 M","1,904 M","14,853 M","244,000 K",0.67,0.90%,87.25%,32.95%,57.89%,200.07%,65.41%,92.20%,150.00%,17.37,1.38,5.87,0.52,13.72,48.46,15.48,21.5,5.43,0.92,3.52,7.77
AFL,"33,801,276","779,370","21,667 M","4,604 M","5,424 M","2,583 M",0.95,3.00%,68.72%,20.38%,34.44%,73.10%,-14.58%,3.33%,29.85%,12.85,1.72,2.0,0.22,8.93,31.28,11.16,12.29,8.62,1.57,1.4,17.74
AGN,"56,263,876","348,340","15,941 M","-4,125,500 K","4,326 M","3,121 M",1.18,0.36%,77.97%,-31.63%,-45.21%,65.95%,169.50%,172.50%,0.00%,10.08,1.18,4.75,0.38,4.12,222.01,10.37,8.43,-0.05,3.61,0.8,-8.48
AIG,"48,372,388","902,470","49,520 M","-6,084,000 K","12,635 M","-6,660,000 K",1.25,0.52%,87.26%,-12.44%,-5.28%,33.57%,-24.58%,-38.93%,0.00%,24.35,0.9,0.45,0.48,8.03,73.09,9.73,3.1,15.41,0.99,0.75,2.26
AIV,"6,461,543","157,330","1,005 M","315,770 K","255,230 K","264,390 K",0.41,1.20%,98.30%,-8.13%,8.56%,29.80%,-2.69%,-484.31%,89.47%,16.84,2.88,5.1,2.67,9.42,10.54,16.57,21.25,-6.86,6.46,4.23,1.08
AIZ,"4,698,164","52,470","6,415 M","519,600 K","1,677 M","312,900 K",0.55,0.83%,92.95%,-4.01%,44.91%,88.54%,-24.60%,-24.48%,165.43%,23.3,0.61,0.71,0.25,20.83,81.41,11.6,5.24,3.18,0.75,1.13,9.98
AJG,"12,172,138","181,430","6,160 M","463,100 K","1,599 M","105,100 K",1.13,1.60%,83.92%,20.65%,40.80%,58.76%,144.40%,76.88%,14.71%,22.36,1.64,4.45,0.65,13.13,23.01,18.72,13.95,8.24,2.02,2.97,4.05
AKAM,"11,789,879","170,030","2,503 M","218,320 K","663,450 K","19,110 K",0.67,3.20%,89.09%,22.07%,-2.95%,95.82%,82.18%,45.04%,0.00%,38.66,2.54,7.2,0.2,16.97,19.57,31.18,9.9,17.48,4.91,3.69,17.78
ALB,"10,156,752","110,640","3,072 M","54,850 K","857,790 K","-218,370 K",1.66,0.74%,86.38%,-12.96%,56.26%,50.81%,11.89%,-5.36%,60.00%,20.82,1.14,6.89,0.37,14.85,34.55,17.82,13.27,15.19,3.45,2.77,4.87
ALGN,"19,652,732","80,140","1,473 M","231,420 K","421,320 K","10,260 K",1.47,1.60%,80.54%,120.18%,351.70%,648.57%,163.09%,232.48%,0.00%,65.47,1.93,19.61,0.0,57.55,14.35,54.23,28.55,12.98,13.89,17.8,0.0
ALK,"7,474,710","123,000","7,933 M","1,034 M","1,962 M","373,000 K",0.75,0.57%,86.33%,-31.86%,-4.96%,105.51%,70.35%,180.17%,0.00%,9.37,0.96,7.74,0.61,6.4,30.24,10.72,24.39,7.08,0.96,2.05,12.72
ALL,"33,992,712","354,460","38,524 M","3,189 M","9,843 M","1,249 M",0.94,1.58%,75.87%,19.53%,33.14%,90.47%,15.64%,53.90%,68.18%,14.48,1.39,2.26,0.31,10.92,62.85,11.42,12.57,1.75,0.89,1.68,12.91
ALLE,"8,066,505","95,180","2,408 M","273,300 K","623,000 K","9,600 K",1.05,0.64%,92.20%,14.39%,38.39%,0.00%,17.67%,66.39%,0.00%,21.65,1.55,15.98,3.56,18.28,4.27,18.85,126.46,,3.4,20.14,4.74
ALXN,"24,290,606","222,360","3,551 M","443,300 K","910,100 K","30,300 K",1.13,4.35%,95.36%,-4.07%,-40.20%,9.13%,213.12%,177.42%,0.00%,21.56,1.01,8.5,0.34,13.61,39.81,17.86,12.94,17.85,6.84,2.75,6.57
AMAT,"54,993,112","1,050,690","14,537 M","3,434 M","4,204 M","135,000 K",1.63,0.35%,79.29%,39.99%,132.62%,284.01%,66.73%,333.33%,17.65%,14.91,0.93,20.57,0.57,14.73,8.1,11.88,45.17,17.28,3.92,6.71,19.84
AMD,"9,313,339","969,130","5,329 M","43,000 K","1,480 M","61,000 K",2.86,1.80%,62.15%,-28.48%,248.19%,287.50%,-1.72%,-150.00%,0.00%,167.0,4.33,2.38,2.17,36.9,0.63,30.32,16.76,12.83,1.82,15.82,1.55
AME,"17,012,744","231,340","4,300 M","681,470 K","1,143 M","238,530 K",1.24,2.10%,85.82%,37.82%,37.41%,79.58%,28.97%,37.37%,63.64%,29.28,2.18,7.97,0.46,22.38,17.43,24.11,16.39,12.26,4.11,4.38,9.13
AMG,"9,615,980","54,500","2,305 M","689,500 K","604,100 K","315,300 K",1.51,1.40%,96.65%,11.27%,-18.95%,14.75%,27.67%,89.36%,0.00%,12.44,0.65,9.52,0.23,10.86,82.38,10.25,18.61,10.85,4.3,2.21,11.59
AMGN,"121,154,960","720,560","22,849 M","1,979 M","5,802 M","-4,264,000 K",1.36,0.19%,79.53%,4.51%,2.91%,50.70%,32.34%,95.04%,219.44%,13.67,2.11,11.64,1.35,11.15,34.77,12.69,30.87,29.71,5.42,4.95,8.36
AMP,"20,677,892","146,330","12,027 M","1,480 M","3,160 M","181,000 K",1.84,1.50%,86.73%,11.06%,13.47%,89.09%,17.72%,119.50%,126.57%,11.88,,1.33,0.85,10.01,40.55,9.83,31.03,11.52,1.78,3.6,3.57
AMT,"62,671,240","440,850","6,664 M","1,239 M","1,704 M","238,500 K",0.78,0.86%,89.96%,18.68%,49.53%,76.22%,131.71%,55.23%,191.11%,21.9,1.62,3.76,2.85,20.77,15.92,20.05,17.2,17.29,9.53,9.05,2.68
AMZN,"680,285,888","484,110","177,866 M","3,033 M","60,453 M","1,856 M",1.59,17.70%,60.21%,59.59%,267.24%,414.98%,191.14%,1525.00%,0.00%,318.37,6.38,2.16,0.89,50.98,57.5,165.46,9.23,2.58,3.95,25.25,5.49
ANDV,"16,436,944","153,760","34,975 M","1,528 M","10,652 M","879,000 K",1.39,7.00%,79.57%,33.89%,24.33%,107.73%,6.07%,-4.29%,744.44%,19.42,1.2,3.1,0.57,8.59,85.99,11.87,6.86,,0.47,1.25,3.54
ANSS,"12,874,884","83,870","1,095 M","259,250 K","302,340 K","52,590 K",1.02,1.30%,96.50%,48.14%,73.34%,96.03%,37.25%,34.20%,0.00%,44.45,,10.85,0.0,35.14,26.47,34.85,13.77,27.59,12.08,5.96,0.0
ANTM,"57,480,740","255,720","90,039 M","3,843 M","22,680 M","1,231 M",0.9,0.36%,88.28%,35.38%,46.04%,222.08%,45.90%,59.26%,134.78%,19.24,1.33,4.67,0.66,14.4,103.22,14.88,12.29,,0.66,2.24,6.36
AON,"34,022,076","246,180","9,998 M","1,226 M","2,909 M","-19,000 K",1.03,0.90%,87.28%,16.29%,40.66%,120.70%,-13.17%,54.87%,127.42%,21.43,1.44,6.49,1.22,13.52,18.6,17.32,32.41,5.75,3.45,7.54,3.43
AOS,"10,834,286","171,510","2,997 M","296,500 K","768,600 K","22,700 K",1.52,1.28%,74.44%,27.95%,94.43%,261.80%,54.52%,185.53%,211.11%,29.94,1.9,12.38,0.24,24.88,9.61,24.58,23.3,8.87,3.72,6.77,52.56
APA,"14,624,794","381,450","6,423 M","1,304 M","1,586 M","456,000 K",1.1,0.48%,95.96%,-25.62%,-43.48%,-48.94%,-62.39%,-97.47%,51.52%,161.46,3.57,0.41,0.9,6.22,23.08,24.75,1.11,26.24,2.3,1.68,0.0
APC,"31,342,362","532,490","11,908 M","-456,000 K","2,929 M","976,000 K",1.27,0.45%,88.00%,-3.06%,-34.67%,-30.99%,-11.21%,-147.57%,-44.44%,0.0,3.53,-2.47,1.13,10.23,25.2,34.52,-7.48,6.94,2.69,2.38,-0.81
APD,"35,021,644","218,940","8,188 M","3,000 M","2,217 M","154,600 K",1.22,0.37%,87.70%,19.38%,5.29%,84.01%,-14.82%,16.85%,498.80%,24.75,1.38,8.06,0.33,15.88,47.14,21.85,14.8,11.93,4.39,3.48,12.74
APH,"25,223,484","305,480","7,011 M","650,500 K","1,944 M","-103,400 K",0.83,2.51%,96.55%,20.61%,38.68%,124.71%,63.35%,79.31%,233.33%,26.0,2.49,11.01,0.88,21.34,13.24,23.89,26.09,14.11,3.69,6.4,15.65
APTV,"22,282,708","265,840","12,884 M","1,355 M","3,440 M","256,000 K",1.49,0.32%,92.50%,33.92%,17.75%,122.20%,-16.98%,20.83%,0.00%,13.77,1.24,12.88,1.17,12.72,13.23,16.31,50.01,,1.77,6.49,9.96
ARE,"12,358,367","101,240","1,128 M","169,090 K","298,790 K","39,390 K",0.8,1.60%,98.93%,9.81%,28.48%,68.98%,92.49%,50.48%,65.07%,20.46,3.04,1.56,0.74,21.67,63.92,18.58,3.08,34.63,11.05,1.95,2.39
ARNC,"10,881,636","482,770","12,960 M","-74,000 K","3,271 M","-727,000 K",1.13,0.12%,80.48%,-12.70%,71.41%,174.21%,-45.32%,69.44%,-33.33%,19.07,0.78,3.2,1.4,5.88,10.23,15.2,11.29,,0.86,2.28,1.95
ATVI,"48,977,152","758,630","7,017 M","273,000 K","2,042 M","-584,000 K",1.16,2.12%,85.57%,33.74%,181.68%,340.38%,44.50%,86.36%,66.67%,29.97,1.81,9.62,0.46,18.0,12.51,25.62,17.48,13.76,7.19,5.32,8.88
AVB,"22,924,602","138,100","2,159 M","876,920 K","555,290 K","237,570 K",0.36,0.46%,94.72%,-10.25%,-1.37%,22.45%,107.83%,43.02%,46.39%,19.28,2.6,4.88,0.71,15.5,75.23,18.53,8.57,13.34,10.63,2.21,0.0
AVGO,"94,008,352","410,750","17,636 M","1,692 M","5,327 M","6,230 M",0.92,3.30%,89.47%,8.60%,80.47%,555.60%,646.02%,452.12%,628.57%,14.84,1.07,13.75,0.75,8.64,70.84,13.13,29.5,24.59,5.5,3.34,5.02
AVY,"9,074,376","87,930","6,614 M","281,800 K","1,735 M","-59,600 K",1.25,1.30%,85.95%,31.48%,90.97%,141.07%,9.58%,140.38%,62.96%,21.17,2.58,8.89,1.26,14.84,11.88,17.57,42.26,4.45,1.41,8.93,10.36
AWK,"14,626,816","178,550","3,357 M","426,000 K","821,000 K","-1,000 K",0.16,0.34%,84.75%,5.31%,51.20%,93.44%,16.69%,43.60%,33.88%,27.19,3.37,2.83,1.21,14.18,30.19,25.13,10.03,10.82,4.37,2.72,3.67
AXP,"79,068,344","860,280","35,583 M","2,736 M","9,419 M","-1,197,000 K",1.14,0.20%,84.11%,20.07%,15.48%,39.94%,5.25%,33.41%,67.95%,15.99,1.29,3.12,3.06,12.34,21.0,12.87,26,15.86,2.42,4.49,6.56
AYI,"5,557,953","42,160","3,505 M","321,700 K","842,800 K","71,500 K",1.33,1.50%,-24.09%,-21.06%,81.23%,81.26%,165.33%,0.00%,1.89 on 04/04/18,16.69,1.38,11.89,0.21,13.38,40.95,15.12,20.56,5.66,1.6,3.43,16.16
AZO,"16,904,810","27,250","10,889 M","1,281 M","2,413 M","289,530 K",0.84,2.60%,95.83%,-10.84%,-11.60%,57.62%,26.56%,83.30%,0.00%,13.57,1.01,14.37,-3.27,11.21,-48.83,12.71,-88.86,10.37,1.6,,13.46
BA,"191,918,352","588,490","93,392 M","8,197 M","25,368 M","3,132 M",1.39,0.24%,70.76%,83.77%,111.24%,266.88%,14.31%,140.80%,222.73%,27.85,1.74,8.1,23.74,21.27,0.69,23.21,0,5.43,2.12,486.29,24.37
BAC,"303,520,544","10,243,690","100,264 M","18,232 M","24,040 M","2,520 M",1.37,0.10%,69.84%,30.83%,88.49%,143.47%,0.19%,632.00%,875.00%,16.66,1.53,0.93,0.93,12.25,25.97,11.95,8.54,-14.72,3.1,1.27,3.66
BAX,"34,509,544","540,140","10,561 M","717,000 K","2,774 M","-71,000 K",0.8,0.05%,85.55%,22.83%,66.58%,63.77%,-25.57%,-45.25%,-61.15%,26.31,1.79,8.18,0.38,16.7,16.73,23.02,15.11,16.27,3.35,3.92,23.13
BBT,"39,786,184","778,290","12,156 M","2,394 M","3,123 M","658,000 K",1.04,0.51%,63.76%,18.56%,30.94%,64.85%,13.22%,14.18%,75.00%,16.84,1.22,1.21,0.89,13.36,37.97,12.97,9.93,9.05,3.39,1.55,7.72
BBY,"20,606,340","292,330","42,151 M","1,000 M","15,363 M","364,000 K",0.94,1.21%,85.11%,47.35%,82.71%,192.61%,-6.51%,68.70%,106.06%,16.06,1.0,10.01,0.19,10.33,12.36,14.17,32.68,2.49,0.5,5.84,25.23
BDX,"57,374,716","266,240","12,093 M","1,100 M","3,080 M","-136,000 K",1.15,1.00%,83.40%,18.96%,50.48%,123.64%,56.88%,76.54%,62.22%,22.84,1.6,5.74,1.04,15.61,79.75,19.69,16.19,17.88,4.85,2.76,2.87
BEN,"18,327,476","551,700","6,392 M","1,697 M","1,616 M","-583,300 K",1.6,22.20%,46.96%,-19.75%,-35.78%,-35.82%,-9.98%,1.01%,-22.33%,10.95,1.15,9.91,0.09,10.22,21.9,10.23,13.88,27.53,2.94,1.55,50.5
BF.B,"26,144,456","480,420","2,994 M","669,000 K","878,000 K","190,000 K",0.85,10.06%,20.26%,50.97%,45.35%,92.16%,9.95%,45.26%,55.56%,34.38,,16.02,1.04,36.32,2.5,36.82,55.27,16.79,6.89,22.12,16.81
BHGE,"12,499,916","422,580","17,259 M","36,000 K","7,218 M","448,000 K",0.76,0.18%,92.28%,-30.75%,-36.10%,-7.56%,-19.20%,-83.44%,2931.67%,594.2,4.71,0.07,0.16,9.6,91.49,37.97,0.1,,0.73,0.32,-0.22
BIIB,"54,508,432","211,560","12,274 M","2,539 M","3,307 M","-297,400 K",0.86,0.25%,88.93%,-2.56%,-34.28%,35.12%,122.50%,234.00%,0.00%,12.15,1.46,20.72,0.47,9.79,59.57,10.37,38.32,22.4,4.57,4.45,0.0
BK,"50,840,912","1,009,750","16,617 M","4,090 M","4,096 M","1,175 M",1.22,1.76%,84.13%,9.08%,23.23%,76.98%,10.13%,42.29%,65.38%,14.33,1.66,1.12,0.82,9.64,41.02,12.51,10.69,18.14,3.16,1.38,6.05
BKNG,"98,193,376","48,290","12,681 M","2,341 M","2,803 M","-555,460 K",1.26,0.24%,94.05%,17.57%,70.95%,173.64%,141.04%,156.60%,0.00%,27.12,1.53,10.16,0.89,23.77,230.89,23.29,21.12,,7.96,9.06,18.32
BLK,"83,561,544","160,720","12,491 M","4,970 M","3,469 M","2,304 M",1.67,1.86%,84.77%,37.92%,40.73%,97.59%,33.78%,65.20%,66.67%,23.77,1.55,1.67,0.93,21.77,199.24,18.36,12.31,25.99,6.93,2.7,26.74
BLL,"13,758,274","350,440","10,983 M","374,000 K","2,747 M","159,000 K",0.85,2.70%,88.68%,9.15%,8.42%,63.96%,25.73%,33.33%,85.00%,19.84,3.18,4.31,1.61,9.68,11.56,17.05,19.24,6.64,1.29,3.48,2.78
BMY,"99,391,472","1,632,580","20,776 M","1,007 M","5,449 M","-2,328,000 K",0.96,0.23%,71.51%,13.12%,-5.82%,46.98%,17.90%,51.26%,14.71%,20.7,1.62,14.85,0.59,17.71,7.24,18.9,35.43,16.31,4.9,8.61,0.0
BRK.B,"482,361,792","2,467,450","242,137 M","44,940 M","58,907 M","32,551 M",0.9,11.01%,36.87%,18.70%,36.23%,82.63%,49.04%,15.35%,0.00%,34.27,3.29,2.14,0.0,20.96,142.65,22.41,4.57,7.46,2.05,1.41,5.42
BSX,"37,603,788","1,374,910","9,048 M","105,000 K","2,409 M","-614,000 K",0.81,0.74%,91.04%,12.33%,51.10%,257.05%,24.82%,90.91%,0.00%,22.29,2.03,9.48,0.54,14.83,5.11,19.95,24.27,7.57,4.27,5.5,5.07
BWA,"10,794,899","210,550","9,799 M","439,900 K","2,586 M","-146,200 K",1.81,0.74%,95.71%,36.05%,-16.38%,37.07%,36.42%,56.22%,0.00%,13.49,1.42,8.61,0.55,8.51,18.15,12.01,21.92,7.94,1.13,2.89,16.09
BXP,"18,668,966","154,340","2,602 M","462,440 K","655,230 K","106,440 K",0.58,6.17%,95.34%,-10.15%,-12.08%,9.60%,38.68%,72.35%,32.61%,19.69,3.34,2.39,0.92,17.47,52.5,19.14,5.86,8.92,7.25,2.39,2.5
C,"176,306,800","2,570,070","87,966 M","-6,798,000 K","21,791 M","-18,893,000 K",1.56,0.11%,80.16%,18.11%,30.84%,53.19%,-3.02%,38.08%,2300.00%,13.17,1.02,0.83,1.3,9.89,78.47,10.71,7.61,12.35,2.05,0.99,3.29
CA,"13,833,406","416,920","4,036 M","775,000 K","1,093 M","-93,000 K",0.7,0.90%,67.89%,5.57%,5.17%,33.09%,-16.16%,7.01%,155.00%,14.81,3.99,7.68,0.44,11.09,13.67,13,16.52,18.64,3.31,2.48,18.31
CAG,"14,720,249","400,660","7,827 M","639,300 K","1,995 M","362,800 K",0.28,0.79%,79.88%,-8.34%,24.73%,34.27%,-40.99%,-5.43%,1111.58%,18.5,2.25,7.96,0.86,15.37,9.51,17.93,21.08,6.62,1.88,3.87,4.73
CAH,"19,634,756","314,710","129,976 M","1,288 M","35,186 M","1,053 M",1.07,0.97%,89.98%,-23.39%,-31.08%,44.19%,20.85%,68.22%,105.68%,12.18,1.44,4.34,1.19,8.25,24.22,11.5,24.81,0.93,0.15,2.64,10.57
CAT,"85,455,120","597,630","45,462 M","754,000 K","12,896 M","-1,299,000 K",1.3,0.14%,69.24%,52.86%,73.11%,68.12%,-30.99%,-20.28%,25.00%,21.53,1.36,5.27,1.73,12.59,23.14,15.66,28.69,7.82,1.95,6.4,4.47
CB,"62,248,392","464,090","32,243 M","3,861 M","8,015 M","1,533 M",1.01,0.43%,89.20%,-1.59%,19.87%,45.81%,79.77%,4.97%,17.01%,16.93,1.32,2.3,0.23,13.3,110.23,13.07,7.52,16.33,1.94,1.23,7.13
CBOE,"12,323,711","112,710","2,229 M","400,600 K","620,700 K","257,100 K",0.62,1.86%,84.08%,37.65%,91.05%,195.83%,335.08%,102.37%,-19.38%,32.73,1.37,6.93,0.4,22.46,27.42,23.57,12.74,24.77,5.64,4.07,9.1
CBRE,"15,865,303","339,510","14,210 M","691,480 K","4,336 M","168,400 K",1.68,1.00%,94.31%,44.29%,21.35%,84.78%,118.14%,122.13%,0.00%,17.63,1.2,8.47,0.49,12.09,12.02,15.25,25.03,,1.14,3.98,9.51
CBS,"20,222,924","382,720","13,692 M","357,000 K","3,921 M","-41,000 K",1.47,1.67%,77.95%,-23.05%,-14.22%,13.46%,-2.82%,64.31%,63.64%,12.18,0.77,7.8,4.78,10.51,5.16,10.15,67.23,8.38,1.48,10.24,5.33
CCI,"43,950,352","406,910","4,356 M","444,550 K","1,238 M","98,100 K",0.29,0.41%,93.57%,16.16%,27.54%,47.17%,79.05%,8.60%,0.00%,22.69,1.35,1.77,1.3,26.3,30.37,20.54,4.95,-1.18,10.26,3.62,1.8
CCL,"34,459,308","534,170","17,510 M","2,606 M","4,232 M","390,000 K",0.84,23.80%,76.73%,11.77%,33.48%,89.01%,13.83%,103.19%,15.00%,16.54,1.06,7.01,0.29,7.6,45.64,14.78,11.97,12.76,2.0,1.44,14.46
CDNS,"10,168,316","283,240","1,943 M","204,100 K","501,720 K","-14,440 K",1.14,2.55%,86.73%,18.63%,88.35%,168.71%,46.49%,73.77%,0.00%,34.24,3.61,12.92,0.65,25.26,3.5,42.09,31.28,13.39,5.39,10.56,13.28
CELG,"65,402,048","752,180","13,003 M","2,940 M","3,488 M","-50,000 K",1.49,0.95%,78.63%,-29.42%,-25.73%,41.38%,136.13%,204.00%,0.00%,12.95,0.59,18.33,2.29,11.66,8.79,11.34,67.5,24.03,5.14,10.11,9.26
CERN,"18,765,292","332,600","5,142 M","866,980 K","1,314 M","336,660 K",0.96,13.11%,78.54%,-4.22%,-24.77%,19.18%,92.92%,94.69%,0.00%,26.18,1.69,12.2,0.11,14.59,14.4,23.32,16.82,13.55,3.76,4.04,0.0
CF,"8,592,071","233,290","4,130 M","358,000 K","1,099 M","465,000 K",1.1,1.00%,26.67%,-35.28%,1.05%,-32.34%,-104.48%,275.00%,-0.02 on 02/14/18,0.0,7.16,-0.4,0.7,10.92,28.65,41.01,-0.92,19.84,2.18,1.35,0.6
CFG,"20,214,448","487,330","6,454 M","1,652 M","1,695 M","666,000 K",1.41,0.22%,97.11%,22.21%,65.19%,0.00%,17.07%,124.35%,0.00%,16.36,0.71,0.88,0.59,11.86,41.2,12.32,6.73,,3.25,1.06,7.25
CHD,"12,075,030","243,940","3,776 M","743,400 K","1,033 M","405,600 K",0.39,2.00%,83.63%,0.38%,15.25%,54.93%,29.24%,57.72%,58.33%,25.7,2.13,9.4,0.95,20.0,8.87,21.91,24.95,10.74,3.22,5.62,14.17
CHRW,"12,698,869","140,350","14,869 M","504,890 K","3,960 M","152,560 K",0.41,0.85%,94.49%,21.01%,25.56%,53.36%,30.90%,26.09%,35.07%,26.81,2.32,12.2,0.53,22.25,10.21,20.24,36.28,4.21,0.88,9.14,0.0
CHTR,"74,097,904","238,510","41,581 M","9,895 M","10,602 M","9,553 M",1.17,0.83%,72.29%,-4.03%,61.97%,195.71%,454.12%,-178.64%,0.00%,148.14,3.79,0.35,1.43,6.78,199.28,78.1,1.11,-5.58,1.82,1.59,1.33
CI,"40,760,124","242,880","41,616 M","2,237 M","10,531 M","266,000 K",0.6,1.10%,88.84%,10.93%,25.89%,151.53%,42.92%,74.62%,0.00%,16.18,1.02,4.33,0.38,12.89,55.71,13.01,18.84,7.42,0.99,3.03,0.0
CINF,"11,978,570","164,090","5,732 M","1,045 M","1,411 M","642,000 K",0.84,9.25%,63.34%,4.30%,36.40%,49.59%,39.43%,14.17%,54.32%,27.14,,2.13,0.1,23.92,50.24,22.29,5.99,7.54,2.13,1.48,14.77
CL,"62,708,640","875,330","15,454 M","2,024 M","3,892 M","323,000 K",0.74,1.02%,73.67%,-2.48%,2.92%,21.04%,-9.55%,7.09%,30.33%,25.02,2.66,20.17,27.02,20.88,0.28,22.54,"1,716.69",15.16,4.07,259.49,35.19
CLX,"16,629,193","129,400","5,973 M","701,000 K","1,416 M","233,000 K",0.35,1.00%,75.71%,-3.57%,16.12%,44.78%,9.24%,26.18%,33.33%,23.55,2.7,15.69,2.35,19.37,5.89,22.7,126.7,10.65,2.82,22.1,12.74
CMA,"16,403,125","172,810","3,289 M","743,000 K","863,000 K","112,000 K",1.38,0.83%,83.05%,42.37%,108.16%,170.81%,22.68%,70.14%,98.18%,20.75,1.46,1.17,0.58,17.49,46.03,14.19,10.95,13.74,5.15,2.13,16.62
CMCSA,"158,470,672","4,644,510","84,526 M","22,714 M","21,915 M","14,985 M",1.17,1.28%,83.49%,-9.41%,14.09%,62.48%,35.09%,112.37%,42.42%,16.8,1.26,5.34,0.86,8.17,14.95,13.76,16.47,8.43,1.9,2.31,5.97
CME,"53,870,120","340,390","3,645 M","4,063 M","900,000 K","2,939 M",0.56,0.57%,83.11%,36.26%,71.52%,161.67%,25.05%,57.43%,66.40%,34.24,2.25,2.11,0.1,30.18,66.06,22.98,7.68,37.61,15.22,2.47,22.59
CMG,"8,883,695","27,930","4,476 M","176,250 K","1,110 M","43,790 K",0.55,2.01%,84.11%,-28.76%,-53.43%,-6.97%,63.90%,-24.57%,0.00%,49.73,2.26,9.15,0.0,26.3,48.33,38.59,13.44,9.4,2.04,6.78,0.0
CMI,"26,160,870","165,680","20,428 M","999,000 K","5,476 M","-274,000 K",1.22,0.62%,84.17%,6.00%,15.64%,34.83%,17.85%,23.34%,133.89%,15.28,1.13,10.45,0.19,11.43,49.19,12.55,22.18,9.31,1.32,3.3,30.2
CMS,"12,799,275","282,420","6,583 M","460,000 K","1,778 M","-3,000 K",0.07,0.65%,88.31%,0.04%,30.08%,57.74%,5.28%,40.00%,38.54%,21.0,3.09,2.75,2.06,8.62,15.88,19.45,13.6,6.19,1.95,2.87,3.01
CNC,"18,759,148","175,270","48,382 M","828,000 K","12,806 M","230,000 K",0.75,3.00%,90.54%,51.29%,52.53%,348.76%,458.19%,429.47%,0.00%,21.66,1.04,4.08,0.68,15.04,39.78,14.87,13.68,2.07,0.39,2.74,5.45
CNP,"11,590,934","431,050","9,614 M","1,792 M","2,638 M","1,296 M",0.49,0.22%,76.77%,-2.83%,29.53%,11.95%,29.01%,9.60%,32.10%,19.78,3.0,2.69,1.75,7.12,10.88,17.35,15.51,6.1,1.22,2.51,3.73
COF,"46,061,392","486,290","29,999 M","1,982 M","7,804 M","-971,000 K",1.31,1.73%,90.06%,15.87%,17.50%,73.29%,26.20%,19.11%,700.00%,12.58,0.87,1.15,1.23,7.25,100.37,9.66,8.36,19.17,1.58,0.97,5.73
COG,"10,676,505","460,790","1,764 M","100,390 K","400,500 K","-44,440 K",0.4,1.60%,98.49%,-4.94%,-25.26%,-31.55%,46.46%,65.52%,325.00%,48.86,0.83,4.45,0.48,13.91,5.46,24.19,8.6,13.61,6.25,4.39,-1.78
COL,"21,951,566","163,940","6,822 M","705,000 K","2,011 M","280,000 K",0.7,1.10%,67.68%,35.85%,36.24%,112.95%,44.35%,39.46%,22.22%,21.24,1.77,6.43,1.02,16.89,38.8,18.55,19.58,12.67,3.25,3.49,5.98
COO,"10,685,379","49,020","2,139 M","372,900 K","590,000 K","-122,500 K",0.62,1.60%,98.53%,12.25%,16.41%,100.07%,48.01%,87.98%,0.00%,21.13,1.76,10.11,0.36,16.35,64.39,18.44,16.9,13.73,5.12,3.47,12.8
COP,"69,605,608","1,174,580","32,584 M","-855,000 K","8,736 M","1,579 M",1.23,0.82%,71.15%,22.41%,-10.93%,-0.17%,-47.45%,-88.83%,-94.61%,82.82,1.78,1.14,0.56,9.1,25.76,20.39,2.81,5.06,2.18,2.35,-1.38
COST,"80,725,328","438,820","129,025 M","2,679 M","32,995 M","701,000 K",0.96,0.74%,72.93%,9.45%,22.94%,73.33%,30.15%,46.97%,764.08%,29.75,2.63,7.37,0.57,20.76,27.47,27.18,24.74,1.67,0.63,6.78,31.14
COTY,"13,714,940","749,860","7,650 M","-422,200 K","2,638 M","109,200 K",0.37,1.00%,69.20%,8.04%,-21.60%,0.00%,65.90%,14.55%,0.00%,32.37,1.98,1.82,0.76,14.32,12.57,25.51,4.45,,1.81,1.47,-2.01
CPB,"13,145,675","300,610","7,890 M","887,000 K","2,180 M","285,000 K",0.32,37.20%,50.19%,-22.43%,-4.56%,-3.89%,2.37%,24.59%,20.69%,14.35,2.48,11.72,1.34,10.54,6.48,14.12,54.1,10.72,1.66,6.71,12.54
CRM,"83,859,024","722,300","10,480 M","127,480 K","2,851 M","67,560 K",1.23,6.20%,86.64%,40.84%,71.64%,173.95%,243.58%,-475.00%,0.00%,264.53,5.07,1.83,0.08,54.3,13.0,119.44,3.86,1.46,8.2,9.16,3.32
CSCO,"196,217,584","4,817,520","48,005 M","9,609 M","11,887 M","-8,778,000 K",1.14,0.05%,77.56%,26.79%,45.26%,89.09%,4.22%,31.10%,292.86%,18.84,2.81,8.55,0.39,15.88,10.79,17.49,17.77,15.02,4.2,3.88,15.27
CSX,"48,221,492","887,240","11,408 M","5,471 M","2,863 M","4,140 M",1.21,4.79%,75.76%,16.74%,61.04%,121.75%,-2.96%,28.49%,44.44%,24.17,1.35,5.87,0.8,14.56,16.47,17.55,17.16,15.42,4.32,3.38,6.75
CTAS,"17,787,824","106,680","5,323 M","480,710 K","1,589 M","302,100 K",0.9,18.90%,66.56%,37.78%,102.55%,263.43%,29.78%,99.56%,146.30%,32.15,2.46,8.54,0.99,26.23,27.13,28.63,22.86,6.48,3.44,6.33,8.94
CTL,"18,412,290","1,069,860","17,656 M","1,389 M","5,323 M","1,117 M",0.79,0.61%,86.10%,-28.79%,-51.95%,-53.76%,-3.92%,-44.94%,-25.52%,10.99,-10.22,1.65,1.59,3.81,21.97,20.27,5.88,8.04,1.05,0.79,1.36
CTSH,"46,497,112","588,050","14,810 M","1,504 M","3,828 M","-18,000 K",1.04,1.08%,88.74%,36.43%,25.91%,109.29%,101.59%,105.23%,0.00%,22.79,1.52,14.64,0.07,18.72,18.14,18.76,19.94,15.35,3.21,4.46,116.43
CTXS,"12,495,846","136,150","2,825 M","-20,720 K","777,860 K","-283,890 K",1.27,0.44%,91.46%,12.46%,80.68%,63.77%,9.23%,80.00%,0.00%,22.34,2.92,11.52,2.14,16.61,6.59,23.46,38.56,16.68,4.47,14.07,11.66
CVS,"64,300,916","1,014,530","184,765 M","6,622 M","48,385 M","3,287 M",1.05,0.61%,83.97%,-17.49%,-38.19%,10.19%,50.05%,71.51%,207.69%,10.92,1.07,6.48,0.59,7.53,37.21,10.01,17.21,3.33,0.36,1.74,8.94
CVX,"219,220,288","1,910,250","141,722 M","9,195 M","37,616 M","3,111 M",1.16,0.38%,64.98%,6.77%,7.34%,-4.32%,-41.42%,-70.66%,23.08%,28.75,2.31,3.02,0.22,8.45,78.62,18.06,5.22,9.87,1.58,1.49,31.04
CXO,"19,920,226","149,070","2,586 M","956,000 K","780,000 K","267,000 K",0.97,0.99%,95.70%,3.95%,10.52%,54.49%,42.10%,-44.12%,0.00%,65.87,,2.32,0.3,14.25,59.95,35.7,3.61,20.97,8.05,2.33,7.03
D,"43,144,320","651,530","12,586 M","2,999 M","3,210 M","1,312 M",0.27,0.37%,65.29%,-14.00%,-7.90%,10.15%,-3.87%,18.03%,44.08%,18.76,2.46,3.07,1.6,9.66,30.05,16.39,12.67,10.92,3.49,2.24,3.56
DAL,"37,501,572","706,910","41,244 M","3,577 M","10,245 M","572,000 K",1.08,0.37%,87.59%,18.13%,22.72%,242.70%,12.47%,169.40%,0.00%,10.97,,6.85,0.47,6.66,19.51,8.51,26.27,0.78,0.93,2.78,15.4
DE,"47,075,828","323,790","29,738 M","2,159 M","6,914 M","-535,100 K",0.8,0.74%,67.32%,33.71%,63.23%,68.78%,-17.75%,-12.45%,34.08%,20.62,2.8,3.76,2.71,12.55,28.66,15.22,27.18,8.46,1.65,5.28,4.51
DFS,"24,953,818","354,760","11,545 M","2,099 M","3,050 M","387,000 K",1.46,0.81%,86.37%,8.70%,21.36%,62.41%,0.00%,32.89%,195.45%,12.08,1.06,2.36,2.55,11.41,29.97,9.19,21.49,22.75,2.22,2.54,5.41
DG,"25,790,054","271,560","23,471 M","1,539 M","6,129 M","712,160 K",1.02,0.22%,90.87%,38.96%,24.85%,88.77%,46.49%,54.30%,0.00%,21.0,1.1,10.24,0.47,16.04,22.56,15.81,21.65,4.85,1.12,4.27,20.65
DGX,"13,204,554","135,640","7,709 M","772,000 K","1,936 M","254,000 K",0.7,1.75%,88.63%,1.03%,27.69%,64.05%,4.42%,23.85%,164.71%,17.67,1.79,7.17,0.76,13.51,36.35,14.76,15.41,9.01,1.76,2.75,7.82
DHI,"17,047,972","375,920","14,091 M","1,038 M","3,333 M","189,300 K",1.12,7.20%,84.68%,37.26%,58.51%,93.64%,223.63%,251.28%,166.67%,15.78,1.22,9.21,0.4,15.87,21.42,11.86,14.83,0.8,1.24,2.17,0.0
DHR,"67,427,120","697,570","18,330 M","2,492 M","5,086 M","856,600 K",1.03,12.20%,77.66%,14.08%,13.74%,57.02%,0.38%,26.73%,460.00%,24.62,2.08,6.2,0.39,16.91,37.91,22.06,11.36,15.86,3.78,2.62,19.06
DIS,"150,894,288","1,503,680","55,137 M","8,980 M","15,351 M","4,423 M",1.3,0.38%,62.63%,-10.09%,-6.17%,65.73%,30.42%,85.67%,160.00%,16.91,1.74,10.02,0.43,12.96,31.25,14.45,20.44,11.33,2.78,3.27,36.81
DISCA,"8,638,805","381,910","6,873 M","-337,000 K","1,864 M","-1,144,000 K",1.54,6.81%,48.77%,-22.15%,-31.54%,-45.29%,53.18%,-21.13%,0.00%,11.37,0.85,5.92,3.2,2.55,8.43,8.04,21.68,23.92,1.26,2.69,0.71
DISCK,"7,916,994","381,910","6,873 M","-337,000 K","1,864 M","-1,144,000 K",1.46,4.97%,51.80%,-27.14%,-34.85%,-44.70%,53.18%,57.75%,0.00%,10.42,,5.92,3.2,2.33,8.43,9.25,21.68,23.92,1.15,2.46,0.71
DISH,"17,964,144","466,480","14,391 M","2,099 M","3,484 M","1,385 M",1.13,49.30%,48.16%,-37.43%,-46.39%,2.34%,0.88%,3.25%,-100.00%,15.24,-7.98,4.35,2.18,8.7,14.87,15.57,22.56,10.44,1.28,2.65,27.12
DLR,"21,430,522","205,470","2,458 M","248,260 K","731,440 K","73,640 K",-0.02,0.40%,99.95%,-2.88%,59.92%,46.26%,92.17%,0.00%,27.40%,17.25,2.37,1.67,0.88,17.81,53.78,15.96,4.03,13.32,8.8,2.21,2.02
DLTR,"23,430,204","237,340","22,246 M","1,714 M","6,361 M","1,040 M",0.83,4.10%,90.86%,28.46%,19.13%,106.44%,200.84%,93.63%,0.00%,20.33,1.21,7.28,0.91,13.16,30.29,17.51,18.68,7.24,1.06,3.27,6.65
DOV,"14,390,400","154,420","7,830 M","811,670 K","2,017 M","296,450 K",1.3,2.50%,88.17%,17.60%,34.28%,26.94%,-3.38%,-9.23%,36.84%,24.24,1.28,6.1,0.68,14.77,28.14,15.89,15.24,10.95,1.93,3.47,7.71
DPS,"21,317,164","179,740","6,690 M","1,076 M","1,643 M","508,000 K",0.75,0.58%,92.81%,23.81%,50.66%,148.95%,11.59%,55.48%,70.59%,26.19,2.15,8.19,1.8,21.59,13.58,23.06,37.05,9.37,3.19,8.74,8.15
DRE,"9,167,503","356,990","780,930 K","1,634 M","169,380 K","188,420 K",0.72,0.24%,94.05%,-5.22%,25.02%,44.84%,-29.61%,-250.94%,138.24%,20.94,4.68,3.8,0.53,16.07,12.84,20.22,6.28,9.17,11.87,2.02,4.34
DRI,"10,729,816","123,530","7,170 M","479,100 K","2,128 M","217,800 K",0.23,0.63%,90.49%,5.14%,26.29%,72.82%,-10.36%,12.29%,30.23%,18.8,1.66,10.81,0.47,13.81,17.2,18.21,28.12,6.35,1.49,5.04,16.85
DTE,"18,666,282","179,380","12,607 M","1,134 M","3,271 M","287,000 K",0.15,0.59%,68.40%,1.36%,27.32%,47.92%,43.41%,41.88%,38.84%,18.68,3.0,3.04,1.22,9.01,55.69,17.92,10.24,7.9,1.49,1.88,3.4
DUK,"54,719,040","700,090","23,565 M","3,059 M","5,799 M","703,000 K",0.11,0.07%,57.03%,-4.44%,0.41%,7.11%,20.08%,5.79%,38.49%,17.16,4.53,2.36,1.17,7.59,59.63,16.63,7.72,14.01,2.34,1.32,3.15
DVA,"11,471,460","182,000","10,877 M","663,620 K","3,923 M","-214,480 K",1.09,2.10%,85.80%,-5.92%,-23.04%,-0.67%,32.86%,6.07%,0.00%,18.66,0.92,3.43,1.87,8.33,25.99,15.18,12.86,5.79,1.07,2.41,0.0
DVN,"16,545,845","526,100","13,949 M","898,000 K","3,973 M","-320,000 K",2.18,0.51%,82.20%,-24.60%,-51.51%,-42.87%,46.80%,-80.67%,-68.83%,20.31,3.03,3.02,0.73,6.87,26.86,20.64,6.92,58.97,1.22,1.2,0.0
DWDP,"148,381,856","2,329,020","62,484 M","1,460 M","20,066 M","-1,263,000 K",1.31,0.42%,70.45%,1.72%,31.66%,100.66%,10.03%,78.95%,45.45%,18.7,1.66,3.92,0.29,13.93,43.56,15.37,8.21,,2.44,1.5,2.1
DXC,"28,500,436","285,690","7,607 M","-123,000 K","6,186 M","776,000 K",0.92,1.30%,84.87%,33.10%,0.00%,0.00%,-52.09%,55.00%,-12.50%,14.98,1.08,6.78,0.48,12.85,46.28,11.04,17.97,,1.24,2.21,-0.49
EA,"36,304,564","306,730","4,845 M","967,000 K","1,160 M","-186,000 K",0.8,2.55%,95.45%,35.58%,102.84%,573.27%,16.94%,419.30%,0.00%,34.64,1.86,13.67,0.24,33.94,13.27,27.23,25.42,,7.26,9.14,0.0
EBAY,"39,562,208","1,012,080","9,567 M","-1,016,000 K","2,613 M","-2,601,000 K",1.24,6.78%,88.86%,16.46%,61.91%,61.99%,-32.01%,-22.38%,0.00%,24.26,2.28,6.84,1.15,17.13,7.72,21.21,16.82,17.42,4.23,5.19,0.0
ECL,"40,376,848","288,860","13,838 M","1,508 M","3,651 M","565,900 K",1.0,1.50%,78.34%,12.69%,20.13%,70.01%,16.89%,57.38%,83.13%,30.12,2.11,7.02,0.88,17.97,26.61,26.13,19.11,8.26,2.95,5.31,7.92
ED,"24,385,022","310,400","12,033 M","1,525 M","2,961 M","505,000 K",0.05,0.20%,56.69%,1.08%,29.08%,26.89%,-1.27%,9.65%,14.05%,19.15,4.62,2.6,0.96,9.39,49.75,18.42,8.51,8.07,2.04,1.59,3.74
EFX,"14,123,710","120,120","3,362 M","587,300 K","838,500 K","172,300 K",0.94,1.29%,93.39%,-13.11%,25.88%,99.46%,55.62%,101.01%,116.67%,20.07,2.02,10.28,0.54,14.14,26.97,19.88,23.31,12.03,4.27,4.43,9.05
EIX,"20,649,838","325,810","12,320 M","689,000 K","3,220 M","-515,000 K",0.13,0.40%,82.22%,-21.02%,-0.64%,22.00%,3.86%,16.58%,70.23%,14.21,2.79,2.96,0.84,5.79,42.56,15.37,10.86,8.45,1.68,1.5,2.49
EL,"55,258,944","367,780","11,824 M","1,249 M","3,744 M","123,000 K",0.64,16.24%,54.13%,80.21%,80.07%,120.18%,21.73%,52.86%,149.06%,36.5,2.68,13.04,0.74,31.13,12.47,34.46,34.86,7.95,4.71,12.15,16.7
EMN,"14,704,464","142,970","9,549 M","1,384 M","2,362 M","491,000 K",1.21,1.14%,85.45%,29.39%,42.25%,51.25%,17.86%,41.45%,93.52%,13.82,1.39,6.98,1.12,8.91,38.13,12.05,22.02,9.07,1.58,2.76,6.35
EMR,"42,096,240","634,840","15,264 M","1,518 M","3,816 M","392,000 K",1.18,0.79%,69.90%,12.94%,16.64%,18.77%,-37.47%,-22.12%,20.00%,25.62,2.08,9.05,0.4,18.68,13.13,21.23,20.73,10.49,2.85,5.21,15.15
EOG,"58,980,776","578,640","11,208 M","2,583 M","3,340 M","2,430 M",1.05,0.51%,85.67%,7.13%,5.53%,64.23%,-4.06%,-60.56%,97.06%,94.04,3.19,2.21,0.37,14.87,28.16,23.8,4.47,5.26,5.39,3.71,3.41
EQIX,"32,249,782","79,230","4,368 M","232,980 K","1,200 M","65,220 K",0.51,0.58%,96.06%,3.82%,69.85%,87.15%,130.43%,0.67%,0.00%,22.33,1.25,2.41,1.45,24.89,87.56,21.73,6.54,5.64,7.5,4.72,1.6
EQR,"23,213,120","368,170","2,471 M","603,450 K","630,700 K","125,440 K",0.34,3.79%,94.28%,-0.79%,-16.62%,6.70%,16.37%,185.96%,13.48%,20.16,3.3,2.92,0.86,16.87,28.5,19.57,5.76,43.69,9.43,2.23,2.16
EQT,"12,403,643","264,470","3,378 M","1,509 M","1,129 M","1,280 M",0.73,1.00%,91.49%,-24.62%,-44.60%,-31.94%,105.77%,-1.34%,-86.36%,35.32,1.7,1.42,0.4,9.44,69.67,24.58,2.35,22.3,3.82,0.7,4.66
ES,"18,902,490","316,890","7,752 M","988,000 K","1,895 M","237,420 K",0.32,0.53%,73.81%,0.84%,18.12%,33.56%,23.56%,36.40%,43.94%,19.3,3.2,2.94,1.06,10.27,34.98,18.3,9.03,-0.2,2.45,1.72,4.73
ESRX,"38,116,656","561,530","100,065 M","4,517 M","25,379 M","2,328 M",0.99,0.68%,89.44%,3.46%,-23.60%,20.57%,6.61%,89.84%,0.00%,9.72,0.85,8.0,0.83,6.59,32.0,7.26,25.19,2.87,0.39,2.16,9.11
ESS,"16,006,776","66,040","1,364 M","433,060 K","345,060 K","103,610 K",0.39,3.30%,97.28%,3.45%,9.09%,53.27%,150.98%,102.15%,59.09%,20.29,3.29,3.46,0.89,18.1,96.86,19.51,6.76,6.97,11.69,2.49,3.06
ETFC,"14,646,886","265,150","2,452 M","614,000 K","657,000 K","129,000 K",1.29,0.17%,93.20%,63.22%,95.54%,443.17%,12.19%,-744.12%,0.00%,25.95,0.76,1.05,0.3,17.09,25.98,16.9,10.07,3.72,6.37,2.43,13.98
ETN,"33,441,996","440,200","20,404 M","2,985 M","5,213 M","639,000 K",1.36,0.50%,78.90%,3.08%,10.60%,25.99%,25.09%,18.02%,57.89%,17.04,1.55,6.53,0.41,11.67,39.24,14.71,12.84,7.74,1.71,2.02,14.69
ETR,"14,277,216","180,770","11,074 M","425,350 K","2,624 M","-475,710 K",0.47,0.24%,85.43%,4.31%,1.14%,13.31%,7.50%,15.57%,5.42%,11.06,2.04,2.84,1.79,4.26,45.44,14.16,15.79,11.65,1.3,1.8,2.37
EVHC,"4,569,945","120,930","7,819 M","-228,000 K","2,003 M","132,600 K",0.42,3.10%,-35.70%,-68.09%,0.00%,742.13%,25.25%,0.00%,0.59 on 02/27/18,14.41,0.9,1.9,0.87,6.27,59.24,11.31,4.62,,0.39,0.66,0.87
EW,"28,879,850","210,020","3,435 M","583,600 K","888,500 K","-2,800 K",0.58,2.13%,82.90%,46.03%,94.11%,224.32%,80.84%,181.48%,0.00%,37.08,2.07,15.54,0.15,33.07,13.97,30.4,27.78,14.89,8.61,10.09,45.61
EXC,"37,279,112","965,030","33,531 M","3,770 M","8,382 M","1,871 M",0.16,0.70%,78.09%,7.26%,15.73%,6.65%,42.75%,-8.77%,-37.62%,15.06,2.54,2.14,1.01,4.38,33.47,12.6,8.35,13.68,1.12,1.17,3.41
EXPD,"10,787,488","175,150","6,921 M","489,350 K","1,901 M","166,970 K",0.69,0.78%,91.66%,11.22%,31.41%,67.82%,15.72%,57.96%,50.00%,25.48,2.75,14.87,0.0,22.57,11.22,21.37,22.79,6.02,1.61,5.65,0.0
EXPE,"16,329,317","151,830","10,060 M","377,960 K","2,319 M","55,160 K",1.04,20.95%,80.20%,-13.69%,8.43%,66.93%,149.60%,35.27%,19.59%,30.25,2.11,3.12,0.61,10.29,40.39,30.86,9.66,12.09,1.66,2.73,3.29
EXR,"10,942,793","126,040","1,105 M","479,010 K","281,840 K","215,960 K",0.21,3.72%,12.01%,29.43%,109.00%,169.91%,224.56%,267.06%,1.17 on 02/20/18,20.09,3.33,6.9,1.67,16.35,21.62,18.92,18.87,13.17,10.01,4.06,4.17
F,"44,422,056","3,973,350","156,776 M","7,602 M","41,326 M","2,409 M",1.05,1.08%,56.59%,1.02%,-30.26%,-17.37%,16.78%,26.24%,225.00%,6.41,0.69,2.84,2.94,2.9,8.79,7.23,21.71,5.25,0.29,1.29,1.8
FAST,"15,432,423","287,650","4,391 M","578,600 K","1,089 M","152,400 K",0.99,0.56%,85.20%,7.83%,34.09%,8.41%,40.11%,35.92%,3.23%,28.8,1.57,19.36,0.2,23.45,7.29,21.25,27.39,12.69,3.64,7.62,96.95
FB,"456,665,984","2,905,000","40,653 M","15,934 M","12,972 M","4,269 M",0.79,17.23%,58.46%,13.70%,91.61%,473.72%,698.84%,-8900.00%,0.00%,25.91,0.86,23.73,0.0,21.86,25.58,21.91,26.48,,11.39,6.23,0.0
FBHS,"8,922,504","151,950","5,283 M","472,600 K","1,383 M","128,000 K",1.39,1.71%,88.18%,-4.64%,27.26%,60.00%,47.12%,246.07%,0.00%,19.46,1.36,8.94,0.58,14.86,17.14,16.18,18.73,,1.72,3.5,13.85
FCX,"25,091,066","1,447,840","16,403 M","1,817 M","5,041 M","1,041 M",2.42,1.29%,69.81%,31.15%,-5.30%,-45.71%,-8.92%,-63.32%,-100.00%,15.48,,4.59,1.04,7.65,7.82,7.34,16.57,25.11,1.6,2.32,4.62
FDX,"62,763,948","267,890","60,319 M","2,997 M","16,526 M","2,074 M",1.38,8.45%,74.68%,20.95%,34.36%,143.22%,41.33%,86.65%,207.69%,17.65,1.25,7.43,0.89,10.19,70.53,15.48,21.65,3.69,1.07,3.42,9.94
FE,"16,265,178","475,590","14,017 M","-1,724,000 K","3,442 M","-2,499,000 K",0.26,0.29%,78.75%,9.23%,-5.66%,-25.20%,-8.40%,-7.81%,-34.55%,11.23,14.51,3.17,5.38,4.91,8.82,14.45,24.02,4.0,1.17,3.89,0.3
FFIV,"8,701,507","61,840","2,090 M","420,760 K","523,190 K","88,430 K",1.06,0.26%,94.33%,3.81%,23.63%,87.66%,51.75%,84.57%,0.00%,21.0,2.16,17.83,0.0,18.72,19.84,19.21,35.98,20.34,4.24,7.22,0.0
FIS,"31,637,624","331,180","9,123 M","1,319 M","2,329 M","988,000 K",0.91,2.66%,87.90%,21.46%,45.85%,134.43%,57.09%,84.17%,45.00%,22.05,1.57,6.0,0.71,11.25,32.78,18.44,14.46,7.82,3.54,2.97,3.89
FISV,"28,859,284","413,220","5,696 M","1,246 M","1,516 M","546,000 K",0.81,1.80%,89.46%,22.35%,76.68%,218.07%,27.09%,100.00%,0.00%,27.83,1.99,11.06,1.79,19.33,6.55,22.49,44.58,10.67,5.17,10.87,8.72
FITB,"21,461,254","686,980","7,713 M","2,194 M","1,721 M","508,000 K",1.32,0.40%,84.58%,27.55%,63.99%,89.45%,8.54%,60.48%,66.67%,17.57,1.77,1.03,0.99,9.24,23.62,13.44,9.65,16.57,2.88,1.49,7.69
FL,"5,631,417","121,210","7,782 M","284,000 K","2,210 M","-49,000 K",0.85,2.90%,96.38%,-36.13%,-25.09%,34.63%,25.88%,66.40%,72.22%,11.66,1.68,13.49,0.05,8.31,20.78,10.57,19.32,4.45,0.75,2.31,-288.0
FLIR,"6,972,395","138,920","1,800 M","107,220 K","494,780 K","-50,290 K",0.68,2.00%,92.94%,42.01%,60.92%,95.90%,28.11%,27.89%,114.29%,27.28,,9.63,0.23,21.3,13.24,23.89,14.54,13.94,3.96,3.87,17.61
FLR,"7,935,696","139,910","19,521 M","191,380 K","5,027 M","60,330 K",1.46,1.40%,87.05%,10.71%,-4.08%,-5.81%,-29.21%,-61.92%,31.25%,22.01,1.07,4.03,0.46,16.56,24.97,17.47,10.95,1.69,0.42,2.34,6.71
FLS,"5,647,944","130,800","3,661 M","2,650 K","1,037 M","-101,650 K",1.45,0.95%,-9.64%,-22.59%,-19.81%,-22.95%,-51.43%,18.75%,0.50 on 02/15/18,33.44,1.52,3.69,0.9,19.71,12.79,26.15,10.36,9.73,1.6,3.5,5.4
FMC,"10,495,203","134,330","2,879 M","535,800 K","979,600 K","530,100 K",1.63,1.20%,90.53%,4.48%,33.83%,33.72%,-23.20%,-22.13%,60.98%,29.35,1.24,5.4,1.11,22.19,20.16,13.69,16.82,7.23,3.71,3.94,3.26
FOX,"65,468,412","1,852,530","28,500 M","2,952 M","8,037 M","1,831 M",1.26,39.40%,24.31%,17.44%,5.90%,24.05%,-15.45%,37.86%,100.00%,19.89,,6.49,0.98,15.88,10.6,0.04,19.01,,2.34,3.4,4.85
FOXA,"66,116,796","1,852,530","28,500 M","2,952 M","8,037 M","1,831 M",1.31,20.25%,53.77%,16.58%,3.93%,25.83%,-15.45%,36.88%,100.00%,20.09,1.93,6.48,0.98,16.04,10.6,17.47,19.01,,2.36,3.43,4.85
FRT,"8,473,938","73,190","857,350 K","289,910 K","223,960 K","50,660 K",0.25,1.10%,97.76%,-12.72%,-18.71%,1.81%,41.01%,83.80%,39.44%,20.01,3.2,4.52,1.25,16.96,32.96,18.78,12.68,23.45,10.1,3.85,3.2
FTI,"13,461,122","466,590","15,057 M","113,300 K","3,683 M","-153,900 K",0.84,0.86%,66.66%,-14.27%,-25.78%,-45.36%,144.77%,-30.27%,0.00%,17.05,7.67,2.79,0.28,11.43,28.74,22.24,6.05,8.23,0.92,1.04,2.87
FTV,"26,004,802","348,030","6,656 M","1,045 M","1,807 M","336,900 K",0.41,12.10%,81.29%,24.55%,0.00%,0.00%,15.05%,0.00%,0.00%,26.7,2.35,11.16,1.07,22.51,10.96,21.85,30.54,,4.05,7.07,15.93
GD,"64,059,680","296,930","30,973 M","2,912 M","8,277 M","636,000 K",0.83,6.70%,86.09%,15.56%,58.74%,205.58%,-1.71%,53.55%,30.68%,22.23,2.33,8.85,0.35,18.92,38.51,19.45,27.22,8.21,2.12,5.74,40.58
GE,"113,394,496","8,682,580","122,092 M","-5,786,000 K","31,402 M","-9,643,000 K",1.02,1.12%,56.30%,-56.57%,-54.19%,-44.33%,-17.15%,-30.92%,20.00%,12.79,2.61,2.6,1.32,7.93,9.45,13.55,11.6,9.11,0.96,1.42,-0.81
GGP,"19,379,656","957,020","2,328 M","657,330 K","627,380 K","201,530 K",0.9,35.60%,95.82%,-12.16%,-29.71%,-4.48%,-7.32%,-225.93%,4.76%,12.73,1.86,2.88,1.51,14.16,9.3,12.88,7.87,-55.16,8.42,2.26,1.91
GILD,"95,715,632","1,303,850","26,107 M","4,628 M","5,949 M","-3,865,000 K",1.19,1.30%,77.91%,12.06%,-27.87%,41.36%,169.07%,394.80%,0.00%,8.76,-1.72,17.85,1.53,7.77,15.69,11.81,50.29,34.15,3.74,4.77,13.1
GIS,"25,874,248","569,040","15,620 M","1,658 M","3,882 M","941,400 K",0.76,1.40%,74.23%,-21.63%,-19.51%,-7.86%,-6.23%,20.31%,57.38%,14.9,2.04,8.04,1.79,10.72,9.37,14.72,37.64,12.09,1.66,4.85,8.7
GLW,"22,765,298","857,450","10,116 M","-497,000 K","2,637 M","-1,412,000 K",1.36,0.46%,72.86%,1.27%,18.42%,99.62%,26.26%,33.33%,93.75%,15.87,4.13,6.29,0.35,8.19,18.15,15.96,11.63,45.67,2.33,1.77,11.69
GM,"52,866,548","1,403,040","145,588 M","-3,864,000 K","33,781 M","-5,151,000 K",1.63,0.04%,73.55%,13.96%,3.04%,27.21%,-4.38%,104.32%,0.00%,5.79,0.73,4.3,1.86,2.44,25.49,6.03,22.86,6.44,0.37,1.49,17.92
GOOG,"699,671,296","694,780","110,855 M","12,662 M","32,323 M","-3,020,000 K",1.08,13.92%,34.85%,25.55%,86.49%,0.00%,120.94%,-5.40%,0.00%,32.11,,12.2,0.03,24.26,219.5,1.01,14.94,28.54,6.44,4.68,0.0
GOOGL,"701,693,120","694,780","110,855 M","12,662 M","32,323 M","-3,020,000 K",1.05,13.20%,34.38%,23.48%,84.12%,155.67%,120.94%,88.42%,0.00%,32.26,1.1,12.2,0.03,24.38,219.5,24.51,14.94,,6.47,4.7,0.0
GPC,"13,098,013","146,740","16,309 M","616,760 K","4,207 M","108,180 K",1.16,3.10%,75.31%,-0.91%,-4.30%,14.82%,25.32%,14.85%,36.36%,19.5,2.39,6.77,0.74,15.58,23.63,15.6,20.48,4.44,0.82,3.84,25.33
GPN,"17,317,272","159,210","3,975 M","468,430 K","1,054 M","241,960 K",1.11,0.98%,96.69%,41.52%,118.24%,377.69%,67.31%,119.13%,0.00%,28.56,1.46,5.36,1.15,15.82,24.92,22.45,17.94,11.25,4.46,4.47,3.25
GPS,"11,996,760","389,000","15,855 M","848,000 K","4,778 M","205,000 K",0.84,27.30%,58.30%,26.55%,-25.04%,-19.22%,1.30%,-8.58%,84.00%,15.03,1.52,10.9,0.41,9.28,8.09,11.74,28.13,7.42,0.79,3.96,20.24
GRMN,"11,571,833","198,080","3,087 M","694,960 K","888,500 K","138,780 K",0.99,18.30%,39.31%,17.07%,25.20%,68.26%,13.67%,6.52%,16.57%,20.29,2.35,11.55,0.0,17.43,20.28,19.18,15.16,22.77,3.83,2.94,0.0
GS,"94,961,104","379,890","32,073 M","4,286 M","7,834 M","-1,928,000 K",1.37,2.57%,73.18%,11.85%,27.77%,67.63%,-6.12%,39.84%,63.84%,12.92,0.91,0.95,3.09,9.81,218.04,11.45,11.66,21.07,3.03,1.37,0.0
GT,"6,447,269","240,480","15,377 M","346,000 K","4,071 M","-96,000 K",1.79,1.50%,95.05%,-22.97%,-3.25%,114.31%,-26.75%,65.96%,0.00%,8.83,0.61,4.52,1.05,4.29,19.69,7.3,15.7,-0.22,0.43,1.41,3.62
GWW,"16,082,187","56,100","10,425 M","585,730 K","2,632 M","151,060 K",0.81,10.10%,83.66%,24.67%,22.14%,25.73%,16.48%,9.88%,65.36%,25.63,2.2,11.51,1.23,17.72,32.45,20.84,35.76,8.02,1.58,9.05,12.62
HAL,"41,120,768","874,910","20,620 M","-463,000 K","5,940 M","-824,000 K",1.06,0.46%,80.26%,-4.92%,1.60%,15.03%,-27.66%,-59.33%,100.00%,39.08,2.36,4.2,1.25,15.89,9.57,18.64,11.95,11.4,2.02,4.98,2.15
HAS,"10,557,972","125,050","5,210 M","396,610 K","1,596 M","-5,300 K",0.87,11.00%,80.82%,-10.83%,31.49%,88.00%,27.41%,94.31%,27.59%,15.96,1.39,13.32,0.93,11.81,14.69,16.04,36.36,8.88,2.05,5.81,9.0
HBAN,"16,050,070","1,102,340","4,740 M","1,186 M","1,232 M","431,600 K",1.33,1.05%,73.91%,13.57%,31.76%,97.02%,56.53%,38.03%,118.75%,15.38,1.14,1.14,0.94,10.26,10.09,12.01,12.12,16.1,3.5,1.66,6.55
HBI,"6,801,331","360,240","6,471 M","61,890 K","1,645 M","-384,610 K",0.73,1.06%,99.97%,-10.04%,-45.28%,59.36%,42.99%,192.42%,0.00%,9.91,1.21,10.04,5.4,8.27,1.88,10.71,72.3,4.89,1.07,10.21,4.08
HCA,"33,674,376","349,900","43,614 M","2,216 M","11,562 M","474,000 K",0.47,2.80%,73.48%,10.80%,23.01%,151.15%,32.11%,77.63%,-100.00%,14.4,0.98,7.21,-6.58,7.54,-14.11,11.05,-49.49,3.16,0.72,,3.59
HCP,"10,891,008","469,440","1,848 M","414,170 K","443,260 K","-58,700 K",0.26,0.14%,88.49%,-26.97%,-45.59%,-55.40%,-2.75%,-51.91%,-26.00%,11.88,4.27,2.9,1.23,11.13,11.93,12.83,6.99,31.3,5.88,1.94,2.33
HD,"203,713,984","1,167,750","100,904 M","8,630 M","23,883 M","1,779 M",1.15,0.26%,70.69%,18.73%,51.38%,136.96%,34.98%,140.65%,206.90%,24.04,1.44,19.57,9.54,19.2,1.25,18.5,306.73,5.23,2.07,143.86,13.96
HES,"16,095,904","315,050","5,466 M","-4,074,000 K","1,297 M","-2,677,000 K",1.45,11.80%,92.38%,9.25%,-30.13%,-28.44%,-85.50%,-175.95%,150.00%,0.0,,-5.31,0.52,11.27,38.88,-26.72,-9.82,7.24,3.06,1.35,-16.78
HIG,"18,248,818","356,980","16,974 M","-3,131,000 K","2,866 M","-3,703,000 K",0.97,1.50%,89.87%,8.45%,20.11%,85.96%,-35.73%,-4.86%,135.00%,15.13,1.25,0.57,0.35,12.87,37.83,11.62,7.89,7.41,1.1,1.38,3.29
HII,"11,480,125","44,790","7,441 M","479,000 K","1,996 M","64,000 K",0.99,2.22%,84.13%,27.19%,80.50%,377.74%,10.93%,317.18%,2420.00%,22.77,1.0,8.39,0.73,15.4,38.84,14.75,31.02,,1.57,6.72,9.21
HLT,"24,502,462","316,120","9,140 M","1,259 M","2,279 M","840,000 K",1.33,1.50%,98.69%,37.83%,22.04%,0.00%,-1.47%,129.89%,0.00%,39.52,5.69,4.58,3.16,24.92,6.49,29.58,39.37,,2.73,12.19,3.28
HOG,"7,105,218","168,410","5,647 M","521,760 K","1,229 M","8,310 K",0.88,0.70%,95.87%,-30.65%,-32.51%,-18.87%,1.20%,28.68%,135.48%,12.28,1.41,5.92,2.49,7.82,10.96,11.2,31.23,7.99,1.46,3.89,28.87
HOLX,"10,073,988","276,530","3,059 M","755,500 K","791,100 K","406,700 K",0.85,0.79%,97.56%,-13.93%,9.40%,66.35%,52.74%,47.10%,0.00%,18.27,1.69,7.11,0.87,10.22,11.05,16.17,20.07,-0.42,3.39,3.39,9.03
HON,"107,340,488","752,000","40,534 M","1,655 M","10,843 M","-2,411,000 K",0.97,1.33%,75.30%,16.75%,36.33%,92.24%,7.62%,58.71%,79.08%,20.74,2.01,9.59,0.72,16.77,23.04,17.91,27.27,6.73,2.72,6.35,22.84
HP,"7,125,542","108,870","1,805 M","-128,210 K","564,090 K","500,110 K",1.33,4.10%,-1.22%,-10.44%,6.68%,-42.74%,-124.61%,900.00%,4.57 on 01/25/18,0.0,,-1.27,0.11,16.23,42.17,"-21,816.67",-1.9,16.48,4.07,1.6,-8.35
HPE,"26,168,902","1,567,000","28,871 M","344,000 K","7,674 M","1,436 M",1.86,1.18%,83.00%,20.67%,0.00%,0.00%,-52.70%,0.00%,0.00%,14.45,1.44,2.99,0.43,5.89,15.31,11.95,7.4,,0.93,1.12,1.83
HPQ,"34,107,668","1,641,370","52,056 M","2,526 M","14,517 M","1,938 M",1.63,0.25%,80.33%,21.65%,42.37%,118.74%,-56.75%,-59.26%,0.00%,12.31,1.87,9.23,-1.98,11.36,-1.67,10.75,-82.3,7.3,0.68,,14.48
HRB,"5,333,376","209,070","3,036 M","408,950 K","488,430 K","-245,650 K",0.29,0.63%,95.27%,9.27%,-19.75%,-10.74%,4.93%,55.56%,25.71%,20.35,0.85,11.77,-3.62,8.88,-3.34,9.25,-77.32,10.76,1.78,,7.77
HRL,"18,498,580","529,590","9,168 M","846,740 K","2,331 M","303,110 K",0.44,3.54%,39.35%,3.37%,20.53%,70.68%,11.38%,68.82%,126.67%,22.22,2.18,12.29,0.05,18.95,9.73,20.24,17.44,6.09,2.03,3.61,101.84
HRS,"19,120,278","118,730","5,900 M","553,000 K","1,535 M","139,000 K",1.27,1.91%,84.95%,48.91%,98.81%,265.50%,8.23%,6.35%,73.77%,27.76,4.23,7.04,1.13,20.03,25.12,24.87,24.49,9.92,3.31,6.54,6.26
HSIC,"10,304,821","154,310","12,462 M","406,300 K","3,318 M","-8,530 K",1.05,1.19%,98.54%,-19.26%,-5.84%,45.32%,39.39%,62.16%,0.00%,18.87,1.66,7.8,0.32,13.95,18.0,16.34,19.7,4.4,0.84,3.77,16.34
HST,"13,544,330","734,110","5,387 M","564,000 K","1,344 M","92,000 K",1.26,1.70%,0.87%,-7.43%,3.25%,1.91%,7500.00%,183.33%,0.42 on 02/21/18,11.1,2.23,4.79,0.56,10.44,9.46,11.05,7.97,-1.32,2.54,1.97,4.9
HSY,"20,805,948","210,480","7,515 M","782,980 K","1,940 M","181,130 K",0.33,0.92%,52.64%,-8.91%,-1.24%,14.25%,13.11%,46.91%,63.46%,20.95,2.15,18.56,2.21,14.13,4.42,18.45,116.74,10.23,2.79,22.57,12.3
HUM,"39,063,944","137,680","53,767 M","2,448 M","13,189 M","184,000 K",0.97,0.60%,96.38%,35.39%,58.97%,265.82%,37.42%,67.53%,83.50%,24.58,1.55,5.49,0.48,18.74,68.89,20.5,16.13,3.62,0.74,4.17,17.61
IBM,"138,700,576","921,170","79,139 M","5,753 M","22,542 M","-1,054,000 K",0.9,0.17%,57.02%,-10.65%,-7.55%,-28.77%,-24.27%,-9.51%,78.79%,11.14,2.25,10.67,2.25,8.16,19.15,10.89,69.48,14.7,1.79,8.05,19.54
ICE,"41,121,320","582,290","4,629 M","2,514 M","1,144 M","1,225 M",0.64,1.50%,90.73%,17.77%,52.26%,123.20%,239.63%,94.08%,0.00%,24.67,2.54,2.21,0.25,18.55,28.98,19.8,10.83,36.19,7.24,2.5,14.46
IDXX,"16,154,853","87,060","1,969 M","263,140 K","506,120 K","38,260 K",0.59,2.77%,87.37%,22.12%,141.68%,318.73%,52.25%,108.92%,0.00%,60.41,2.34,17.19,-11.26,44.12,-0.62,45.18,-432.19,13.43,8.44,,11.24
IFF,"10,681,597","78,930","3,399 M","295,670 K","854,620 K","-40,160 K",1.12,0.48%,83.58%,3.23%,13.75%,79.29%,20.46%,47.99%,104.62%,23.48,2.59,10.41,0.97,18.63,21.39,21.53,27.69,10.71,3.21,6.46,9.22
ILMN,"33,540,990","147,000","2,752 M","726,000 K","778,000 K","68,000 K",0.89,0.89%,91.47%,35.44%,21.26%,294.48%,139.61%,151.57%,0.00%,58.95,3.12,11.94,0.43,44.41,18.83,49.67,21.71,12.04,12.63,12.55,29.19
INCY,"13,559,435","211,800","1,536 M","-313,140 K","444,160 K","-149,630 K",0.66,17.20%,93.50%,-53.36%,-31.76%,192.06%,417.14%,-288.24%,0.00%,0.0,,-8.05,0.01,95.54,7.73,-232.8,-11.85,-51.17,11.45,10.75,-44.26
INFO,"19,203,484","399,490","3,600 M","416,900 K","932,100 K","241,300 K",0.78,2.68%,97.13%,14.79%,78.30%,0.00%,0.00%,0.00%,0.00%,27.52,2.27,5.12,0.45,16.33,20.43,26.12,9.33,,5.41,2.38,3.41
INTC,"227,751,728","4,668,000","62,761 M","9,601 M","17,053 M","-687,000 K",0.95,0.08%,69.16%,40.59%,52.80%,125.15%,17.66%,60.19%,24.14%,14.52,1.69,13.73,0.36,9.48,14.75,13.77,24.33,25.72,3.75,3.42,0.0
INTU,"42,944,520","256,110","5,177 M","971,000 K","1,165 M","-21,000 K",1.12,5.59%,87.14%,44.74%,69.56%,159.17%,24.72%,45.00%,126.67%,45.82,2.61,21.8,0.35,36.12,4.52,39.18,72.52,16.46,8.5,38.04,45.1
IP,"21,543,080","412,940","21,743 M","2,144 M","4,547 M","1,460 M",1.51,0.63%,82.61%,3.44%,-7.30%,8.24%,-21.88%,31.70%,70.64%,14.84,1.19,4.44,1.66,7.66,15.84,10.77,29.05,4.87,1.01,3.37,2.48
IPG,"8,900,480","384,470","7,882 M","579,000 K","2,341 M","316,600 K",1.31,1.49%,99.49%,-2.93%,6.14%,69.60%,13.31%,71.95%,200.00%,16.4,2.05,4.69,0.58,11.25,5.75,13.6,27.07,4.46,1.14,4.05,10.65
IPGP,"12,026,729","54,060","1,409 M","347,610 K","361,060 K","52,960 K",1.82,33.80%,57.10%,87.89%,125.81%,244.27%,150.46%,158.36%,-100.00%,31.54,2.29,18.56,0.02,24.07,37.72,26.71,21.29,23.37,8.79,6.07,0.0
IQV,"19,754,410","208,270","9,739 M","1,309 M","2,577 M","1,076 M",0.63,6.00%,92.34%,21.18%,40.25%,0.00%,100.16%,146.33%,0.00%,21.04,1.4,4.65,1.21,9.92,40.18,18.9,13.03,,2.07,2.41,1.96
IR,"20,788,350","249,890","14,198 M","1,303 M","3,618 M","459,900 K",1.34,0.63%,80.76%,1.49%,21.29%,48.13%,1.16%,37.08%,165.63%,19.0,1.58,6.56,0.41,14.15,28.84,16.12,16.91,3.17,1.51,2.98,7.57
IRM,"9,566,444","285,310","3,846 M","183,820 K","991,240 K","22,720 K",0.82,1.50%,89.21%,-5.10%,-9.79%,-9.87%,27.96%,-4.13%,-56.34%,16.0,,3.0,3.0,11.26,8.11,15.7,15.4,6.56,2.51,4.17,1.61
ISRG,"44,833,940","113,060","3,129 M","660,000 K","892,400 K","-38,800 K",0.57,2.20%,87.85%,60.66%,124.31%,132.33%,43.61%,34.90%,0.00%,51.67,4.84,17.02,0.0,47.52,42.18,50.55,19.93,27.74,14.68,9.63,0.0
IT,"10,562,621","90,830","3,311 M","3,280 K","1,015 M","107,310 K",1.14,4.30%,96.77%,7.09%,37.36%,102.14%,104.94%,85.96%,0.00%,35.99,1.96,4.83,2.95,19.51,10.83,29.69,42.47,8.6,3.26,10.97,0.0
ITW,"52,120,532","341,550","14,314 M","1,687 M","3,629 M","-76,000 K",1.24,0.90%,77.63%,17.98%,56.45%,140.54%,-20.14%,61.12%,93.24%,24.01,2.04,14.17,1.63,19.79,13.39,19.79,48.42,11.25,3.79,11.85,13.58
IVZ,"12,499,505","407,150","5,160 M","1,127 M","1,376 M","408,200 K",1.71,1.80%,82.11%,3.03%,-23.25%,1.89%,23.54%,41.36%,79.69%,11.81,0.85,3.78,0.77,10.58,22.0,9.95,13.2,16.93,2.51,1.44,16.08
JBHT,"12,064,818","109,750","7,190 M","686,260 K","1,990 M","385,310 K",0.93,4.20%,72.18%,21.18%,25.39%,52.66%,42.23%,44.40%,29.58%,30.35,1.7,10.36,0.59,15.64,16.76,20.84,27.32,5.43,1.74,6.79,21.68
JCI,"31,154,676","926,120","30,172 M","1,611 M","7,435 M","230,000 K",0.86,0.43%,91.14%,-17.64%,-22.58%,4.31%,190.03%,84.40%,433.33%,13.21,1.14,4.86,0.51,8.85,23.22,12.04,11.73,3.93,1.06,1.49,0.0
JEC,"8,218,277","141,670","10,023 M","293,730 K","2,750 M","2,160 K",1.47,0.74%,82.25%,8.15%,24.48%,9.29%,-8.00%,11.34%,0.00%,18.03,1.12,4.72,0.43,13.99,42.2,14.46,8.59,3.14,0.85,1.42,33.66
JNJ,"343,679,488","2,682,900","76,450 M","1,300 M","20,195 M","-10,713,000 K",0.74,0.22%,67.23%,4.25%,25.51%,54.82%,13.72%,43.14%,38.33%,17.91,2.08,13.13,0.51,13.67,22.39,15.79,29,18.32,4.59,5.84,19.92
JNPR,"8,281,179","343,760","5,027 M","306,200 K","1,240 M","-148,100 K",0.96,2.60%,95.45%,-12.83%,1.35%,28.69%,15.16%,246.00%,0.00%,13.91,2.84,6.83,0.46,10.25,12.48,18.02,13.34,12.88,1.67,1.95,0.0
JPM,"374,392,512","3,431,960","113,899 M","24,441 M","28,119 M","4,232 M",1.24,0.88%,74.50%,29.59%,76.81%,122.59%,5.28%,32.12%,77.39%,16.01,1.89,1.05,1.24,11.9,73.69,12.27,11.63,19.85,3.37,1.69,4.14
JWN,"8,021,010","167,000","15,478 M","437,000 K","4,702 M","150,000 K",0.83,7.32%,58.77%,8.04%,-40.14%,-15.47%,27.41%,-16.85%,37.04%,16.97,2.44,6.2,3.14,7.7,5.87,14.04,60.72,6.75,0.55,8.54,6.81
K,"22,210,980","345,750","12,923 M","1,269 M","3,209 M","428,000 K",0.45,1.40%,91.87%,-10.33%,-2.27%,-0.71%,-8.97%,19.88%,21.84%,15.98,1.98,8.99,3.52,11.76,6.45,14.41,70.35,9.59,1.73,10.01,7.54
KEY,"20,248,572","1,060,690","6,868 M","1,296 M","1,770 M","196,000 K",1.04,0.65%,81.70%,11.96%,35.78%,94.00%,47.00%,54.55%,111.11%,14.41,1.25,1.1,1.02,11.2,14.05,11.46,10.66,19.77,3.05,1.51,6.76
KHC,"73,791,000","1,218,880","26,232 M","10,999 M","6,877 M","8,003 M",0.59,26.81%,63.22%,-32.46%,-32.18%,16.27%,43.04%,6.29%,390.00%,17.27,1.67,3.62,0.43,14.72,54.34,15.79,7.2,,2.85,1.13,5.48
KIM,"6,096,699","425,450","1,201 M","426,080 K","315,230 K","84,900 K",0.5,2.90%,90.58%,-33.47%,-44.69%,-38.34%,30.20%,222.22%,39.74%,9.71,3.01,3.68,0.16,7.93,12.97,9.97,7.85,15.55,5.19,1.13,1.76
KLAC,"16,221,390","155,870","3,480 M","926,080 K","975,820 K","-134,320 K",1.49,0.20%,91.70%,11.08%,76.03%,93.55%,9.71%,28.02%,52.86%,15.46,0.92,20.18,2.03,17.17,7.83,13.47,85.81,25.02,4.87,13.89,10.58
KMB,"38,087,104","350,710","18,259 M","2,278 M","4,582 M","617,000 K",0.66,0.64%,74.52%,-16.92%,1.63%,7.28%,-13.31%,18.67%,31.08%,17.56,1.98,14.77,7.34,13.06,2.51,15.51,427.79,8.45,2.1,43.55,10.41
KMI,"33,466,084","2,206,070","13,705 M","183,000 K","3,632 M","-1,006,000 K",0.64,13.99%,62.57%,-28.97%,-64.66%,-60.88%,37.42%,-38.89%,-62.69%,23.13,1.58,1.96,1.0,9.12,15.73,17.72,4.38,,2.5,0.99,2.18
KMX,"10,905,255","180,850","15,875 M","626,970 K","4,107 M","148,840 K",1.55,1.70%,5.29%,-17.61%,37.08%,58.69%,84.36%,0.00%,0.88 on 04/04/18,16.87,0.95,4.02,3.83,13.03,18.19,13.89,21.09,4.32,0.66,3.39,18.84
KO,"187,358,768","4,265,910","35,410 M","1,248 M","7,512 M","-2,752,000 K",0.72,1.48%,66.15%,3.45%,7.44%,6.91%,-26.26%,-4.98%,45.10%,23.25,2.57,9.18,1.64,19.84,4.45,20.97,38.36,29.69,5.35,9.97,9.02
KORS,"9,869,746","152,170","4,494 M","552,500 K","1,440 M","219,400 K",0.17,6.00%,85.47%,73.02%,0.40%,15.82%,245.07%,430.00%,0.00%,14.26,2.0,24.94,0.48,11.39,13.68,13.74,40.86,,2.21,4.83,168.95
KR,"20,949,928","881,360","122,662 M","1,907 M","31,031 M","854,000 K",1.04,0.85%,75.69%,-20.43%,-38.32%,43.58%,26.78%,54.55%,96.00%,11.67,1.97,5.07,2.11,4.76,7.83,11.53,29.27,1.38,0.17,3.04,3.47
KSS,"10,752,640","168,010","19,095 M","859,000 K","6,776 M","468,000 K",1.27,1.20%,64.31%,-18.37%,32.18%,-0.95%,0.48%,71.88%,1.99 on 03/01/18,15.93,1.91,5.25,0.88,6.64,32.3,12.21,13.73,6.43,0.59,2.07,4.74
KSU,"11,178,865","103,050","2,583 M","962,000 K","660,400 K","551,700 K",0.78,0.95%,88.02%,25.25%,2.02%,0.66%,15.38%,57.19%,76.92%,21.46,1.39,6.07,0.46,13.26,47.21,17.46,12.07,12.49,4.48,2.38,9.73
L,"16,237,625","328,830","13,735 M","1,164 M","3,555 M","481,000 K",0.7,11.80%,64.35%,6.03%,19.94%,12.25%,-5.61%,17.21%,0.00%,17.3,,1.25,0.46,9.46,72.98,14.38,4.08,7.77,1.21,0.69,3.45
LB,"10,782,714","282,270","12,632 M","983,000 K","4,822 M","664,000 K",0.78,16.68%,81.06%,-18.48%,-59.65%,-24.25%,20.78%,9.59%,-40.00%,12.03,1.06,11.64,-5.1,7.57,-2.66,12.04,-101.69,,0.87,,4.23
LEG,"5,809,304","132,240","3,944 M","292,600 K","984,500 K","36,300 K",0.87,1.78%,73.69%,-13.32%,-2.96%,30.01%,5.99%,68.49%,24.56%,18.29,1.45,10.12,0.92,12.85,9.03,15.97,29.44,5.09,1.51,4.98,10.93
LEN,"14,776,738","239,960","12,646 M","810,480 K","3,786 M","309,590 K",1.23,8.50%,88.73%,22.06%,21.94%,52.12%,208.09%,343.02%,0.00%,14.65,0.65,6.04,0.8,15.55,33.28,11.57,13.73,3.43,1.21,1.92,0.0
LH,"16,472,135","101,900","10,441 M","1,268 M","2,796 M","706,800 K",0.94,0.90%,92.32%,14.51%,28.22%,71.31%,84.11%,40.76%,0.00%,17.19,1.39,6.38,0.93,10.98,67.09,14,16.3,9.77,1.61,2.46,5.83
LKQ,"11,821,292","309,620","9,737 M","533,740 K","2,470 M","124,170 K",0.98,0.80%,93.85%,36.81%,47.76%,73.23%,136.16%,123.81%,0.00%,20.6,1.03,6.7,0.78,14.72,13.61,16.31,14.84,,1.23,2.85,8.54
LLL,"16,252,552","78,220","9,573 M","677,000 K","1,526 M","289,000 K",1.21,2.90%,79.93%,26.44%,64.85%,152.01%,-27.18%,5.74%,-39.64%,24.8,2.7,5.49,0.65,17.27,65.92,21.76,13.63,6.15,1.74,3.23,6.15
LLY,"84,196,856","1,095,600","22,871 M","-204,100 K","6,161 M","-1,656,900 K",0.26,0.11%,77.63%,-9.07%,3.96%,33.63%,1.19%,26.25%,6.12%,18.37,1.43,10.88,0.85,14.2,10.6,15.77,33.01,19.75,3.77,7.42,0.0
LMT,"95,568,856","285,570","51,048 M","2,002 M","15,137 M","-642,000 K",0.72,0.35%,78.38%,26.01%,67.00%,244.37%,8.19%,57.75%,79.76%,25.17,3.05,8.27,-22.19,19.73,-2.12,21.57,354.55,6.1,1.94,,9.09
LNC,"15,094,862","218,260","14,257 M","2,079 M","3,669 M","815,000 K",1.94,1.12%,82.34%,5.88%,21.74%,110.34%,23.63%,74.27%,262.50%,9.17,1.05,0.64,0.28,9.02,79.16,8.18,10.87,10.24,1.07,0.9,5.47
LNT,"9,490,387","231,360","3,382 M","467,500 K","856,100 K","96,300 K",0.31,0.33%,69.94%,3.55%,29.93%,58.96%,9.30%,26.14%,40.00%,21.53,3.7,3.26,0.96,10.31,18.95,19.44,11.11,9.6,2.83,2.28,3.47
LOW,"73,239,200","830,000","68,619 M","3,447 M","15,494 M","554,000 K",1.32,0.11%,73.81%,6.12%,17.81%,126.72%,35.82%,150.86%,154.84%,20.22,0.94,10.1,2.71,14.06,7.08,16.13,65.17,4.06,1.07,12.54,9.67
LRCX,"31,066,416","162,950","8,014 M","1,698 M","2,581 M","-9,960 K",1.41,0.41%,90.04%,53.53%,160.81%,355.99%,200.68%,379.81%,0.00%,14.22,0.66,20.19,0.29,14.79,38.5,11.38,36.08,22.35,3.97,5.07,0.0
LUK,"7,755,563","356,250","11,436 M","171,730 K","2,940 M","-270,430 K",1.3,10.20%,75.44%,-6.94%,-5.64%,-25.01%,24.39%,-52.17%,32.00%,13.54,0.72,1.39,1.06,10.19,28.46,12.51,6.25,120.5,0.7,0.79,11.09
LUV,"32,507,756","587,950","21,171 M","3,488 M","5,273 M","1,888 M",1.14,0.21%,80.09%,1.30%,29.12%,320.46%,23.89%,525.00%,1500.00%,16.25,1.44,8.68,0.45,10.15,17.58,11.25,23.43,3.71,1.58,3.23,51.02
LYB,"39,767,704","394,560","34,484 M","4,879 M","9,135 M","1,894 M",1.09,0.09%,75.13%,13.44%,10.26%,69.51%,-23.96%,95.98%,-15.48%,10.26,1.08,16.43,0.96,7.85,22.69,9.38,55.09,5.96,1.2,4.62,12.19
M,"9,083,039","304,800","24,837 M","1,547 M","8,666 M","1,325 M",0.75,1.40%,86.88%,2.10%,-56.91%,-32.93%,-10.29%,8.96%,88.75%,8.2,1.0,5.95,1.49,4.48,18.59,8.22,24.93,4.08,0.38,1.66,5.86
MA,"178,419,184","1,051,380","12,497 M","3,915 M","3,312 M","227,000 K",1.16,0.30%,76.09%,54.78%,91.60%,218.39%,69.08%,108.18%,700.00%,38.3,1.61,24.33,0.99,29.21,5.22,28.55,83.57,34.85,14.79,33.71,43.35
MAA,"10,457,207","113,690","1,529 M","328,380 K","382,740 K","123,450 K",0.34,1.25%,94.70%,-9.62%,21.55%,31.68%,207.54%,81.01%,31.82%,15.56,2.2,2.84,0.0,12.92,57.85,15.3,4.99,7.09,6.87,1.6,3.21
MAC,"8,077,748","140,850","993,660 K","146,130 K","256,740 K","32,750 K",0.87,3.75%,97.14%,-10.36%,-29.50%,-15.09%,12.75%,7.69%,28.70%,14.82,2.2,1.66,1.3,15.56,28.19,14.49,3.91,1.65,8.28,2.07,2.03
MAR,"46,728,912","356,900","22,894 M","1,372 M","5,875 M","201,000 K",1.35,11.32%,65.69%,45.96%,63.01%,207.42%,93.79%,153.49%,163.27%,30.83,2.39,6.9,2.1,25.2,10.23,24.57,36.15,4.09,2.1,13.14,10.85
MAS,"12,595,144","313,390","7,644 M","533,000 K","1,874 M","87,000 K",1.5,1.30%,90.07%,21.46%,51.26%,99.85%,-1.30%,506.25%,36.67%,20.99,1.03,11.44,16.87,16.72,0.56,15.73,"1,000.81",-14.39,1.68,73.15,4.18
MAT,"4,512,231","343,920","4,882 M","-1,053,840 K","1,611 M","-281,280 K",1.01,1.40%,93.86%,-46.79%,-45.85%,-70.20%,-23.97%,-143.72%,-26.61%,0.0,,-6.08,2.28,,3.66,-179.73,-21.37,11.62,0.93,3.62,-3.8
MCD,"128,113,128","794,500","22,820 M","5,192 M","5,340 M","698,700 K",0.64,0.24%,68.54%,25.15%,64.88%,55.66%,-17.22%,24.25%,33.45%,24.58,2.48,16.56,-9.04,19.24,-4.1,21.26,-201.76,20.55,5.71,,10.31
MCHP,"20,216,510","234,340","3,408 M","164,640 K","994,210 K","-251,090 K",1.06,2.13%,19.59%,72.54%,137.59%,146.38%,112.87%,3.60%,1.36 on 02/06/18,17.85,1.11,15.44,0.95,14.03,13.62,15.63,36.54,28.49,5.46,6.58,1.61
MCK,"28,827,762","206,340","198,533 M","5,070 M","53,617 M","903,000 K",1.32,1.20%,88.65%,-2.22%,-37.72%,28.93%,61.76%,81.97%,40.00%,11.37,1.27,4.22,0.63,7.95,57.43,10.36,22.97,1.04,0.14,2.48,23.37
MCO,"30,382,992","191,100","4,204 M","1,001 M","1,166 M","25,500 K",1.26,1.00%,88.50%,43.34%,50.37%,192.26%,53.98%,99.67%,137.50%,26.99,1.83,16.19,-44.48,23.19,-0.6,20.65,-319.45,27.34,7.37,,10.48
MDLZ,"61,694,444","1,487,330","25,896 M","2,922 M","6,966 M","802,000 K",0.87,3.60%,75.86%,-4.89%,10.91%,35.78%,-26.04%,53.96%,-94.78%,19.63,1.43,5.25,0.5,15.37,17.6,16.81,12.72,,2.42,2.4,9.18
MDT,"105,230,928","1,355,370","29,710 M","4,028 M","7,369 M","-1,389,000 K",0.94,0.31%,81.22%,-1.64%,-0.37%,64.49%,83.58%,32.95%,77.32%,16.99,2.24,6.58,0.5,11.7,37.14,16.37,12.65,19.05,3.64,2.15,7.32
MET,"46,928,692","1,036,640","62,308 M","4,010 M","12,690 M","2,381 M",1.24,0.32%,77.69%,-1.86%,-0.23%,37.78%,-8.57%,-14.77%,909.46%,9.28,0.75,0.66,0.29,10.28,55.94,9.23,8.59,4.53,0.77,0.82,0.0
MGM,"19,330,208","566,370","10,774 M","1,960 M","2,597 M","1,394 M",1.4,12.20%,82.50%,23.78%,51.35%,161.73%,17.61%,-247.83%,0.00%,34.87,1.69,2.13,1.09,12.3,20.57,24.47,5.78,44.61,1.87,1.73,2.44
MHK,"17,571,434","74,430","9,491 M","971,640 K","2,369 M","240,380 K",1.36,17.00%,78.68%,4.05%,28.40%,103.04%,63.98%,260.05%,0.00%,17.6,1.68,8.81,0.22,12.15,95.09,15.08,15.44,3.36,1.88,2.52,43.36
MKC,"13,660,620","131,100","4,834 M","477,400 K","1,237 M","422,600 K",0.56,19.20%,79.74%,6.08%,34.02%,45.29%,20.42%,40.13%,51.61%,23.5,2.26,6.49,1.73,19.91,23.43,21.14,23.39,11.23,2.86,4.49,6.35
MLM,"12,699,416","62,800","3,966 M","713,340 K","970,480 K","377,180 K",1.13,8.45%,99.97%,-9.05%,45.97%,104.82%,94.61%,212.17%,7.50%,28.94,2.99,5.8,0.58,17.36,74.49,23.57,10.55,4.77,3.29,2.79,7.77
MMC,"40,975,088","507,620","14,024 M","1,492 M","3,685 M","29,000 K",0.97,1.46%,85.76%,10.53%,41.32%,110.54%,17.61%,82.33%,58.89%,20.95,1.48,10.37,0.7,16.66,14.58,18.65,28.8,8.79,2.97,5.63,12.15
MMM,"126,394,872","595,500","31,657 M","4,858 M","7,990 M","523,000 K",1.14,0.58%,66.88%,13.70%,27.04%,97.11%,5.86%,45.09%,99.15%,23.85,2.03,16.0,1.04,18.16,19.54,20.08,48.34,14.96,4.11,11.19,0.0
MNST,"31,678,754","566,400","3,369 M","820,680 K","810,350 K","201,320 K",1.26,9.40%,65.42%,23.84%,21.29%,195.67%,63.49%,135.48%,0.00%,39.05,1.74,18.21,0.0,36.27,6.91,31.42,22.54,,9.65,8.31,0.0
MO,"121,343,728","1,900,450","25,576 M","10,222 M","6,101 M","4,966 M",0.62,0.11%,62.57%,-10.92%,21.60%,77.81%,3.89%,52.94%,49.41%,19.04,1.87,14.74,0.85,18.3,8.06,15.93,50.01,14.36,4.8,8.01,14.94
MON,"51,952,688","440,800","14,640 M","2,260 M","2,658 M","169,000 K",0.96,0.79%,76.31%,1.34%,-1.90%,11.77%,8.41%,48.65%,80.00%,20.49,1.96,11.49,1.05,16.26,15.01,20.65,37.31,13.56,3.55,6.7,7.38
MOS,"8,502,430","351,050","7,409 M","-107,200 K","2,092 M","-431,100 K",1.28,0.38%,80.89%,-15.25%,-47.18%,-59.09%,-25.71%,-73.28%,-11.76%,22.9,2.61,2.15,0.51,8.22,27.46,17.58,3.9,25.3,1.19,0.92,3.71
MPC,"34,490,544","476,060","74,733 M","3,432 M","21,055 M","2,016 M",1.34,1.09%,80.33%,45.18%,44.29%,80.47%,-9.13%,-22.45%,153.33%,18.77,1.09,4.23,0.59,8.69,42.64,15.62,9.9,,0.46,1.72,0.0
MRK,"143,868,704","2,696,190","40,122 M","2,394 M","10,433 M","-1,047,000 K",0.78,0.25%,74.63%,-10.85%,-6.79%,13.27%,-15.12%,4.19%,11.83%,13.7,2.3,11.86,0.62,9.54,12.69,12.81,28.61,6.13,3.66,4.3,0.0
MRO,"13,800,102","849,760","4,373 M","-5,723,000 K","1,230 M","-28,000 K",2.3,0.40%,81.23%,1.78%,-44.35%,-50.09%,-72.13%,-115.51%,-70.59%,0.0,3.29,-1.16,0.47,6.98,13.78,33.42,-2.24,5.33,3.0,1.22,-0.68
MS,"95,039,728","1,791,850","37,945 M","6,111 M","9,500 M","643,000 K",1.54,0.35%,86.06%,29.08%,46.36%,143.08%,45.32%,126.42%,350.00%,15.07,0.94,0.85,2.75,11.08,43.88,11.72,10.08,9.93,2.25,1.4,0.0
MSFT,"694,752,064","7,699,790","89,950 M","21,204 M","28,918 M","-6,302,000 K",1.07,1.49%,73.85%,41.09%,116.28%,213.41%,22.01%,19.49%,101.32%,26.32,2.14,11.31,1.01,20.54,10.16,24.82,35.41,33.1,7.91,9.09,0.0
MSI,"16,773,014","161,310","6,380 M","-155,000 K","1,957 M","-575,000 K",0.32,2.50%,87.94%,24.79%,66.29%,62.80%,-26.65%,86.38%,101.04%,20.56,2.12,10.39,-2.56,14.53,-10.66,16.5,-75.81,8.61,2.7,,6.35
MTB,"27,286,204","150,180","6,019 M","1,408 M","1,558 M","322,400 K",0.9,0.48%,77.62%,21.38%,46.06%,81.25%,30.59%,18.65%,7.14%,19.78,1.19,1.26,0.54,16.49,107.96,14.78,10.12,22.47,4.65,1.87,13.17
MTD,"14,142,472","25,470","2,725 M","375,970 K","778,030 K","76,980 K",1.2,4.80%,92.46%,17.17%,67.68%,162.56%,16.38%,81.70%,0.00%,32.84,2.38,19.53,1.75,27.36,21.39,27.44,94.54,11.66,5.4,27.0,18.51
MU,"56,202,456","1,159,770","20,322 M","5,089 M","7,351 M","3,309 M",1.33,0.53%,82.49%,73.95%,72.95%,384.12%,146.81%,-516.04%,0.00%,5.8,0.46,28.38,0.33,6.08,22.91,4.47,48.27,7.05,2.84,2.18,9.65
MYL,"20,344,106","514,780","11,908 M","696,000 K","3,239 M","244,300 K",1.34,0.69%,84.52%,1.57%,-43.74%,37.80%,75.21%,76.06%,0.00%,8.87,1.28,6.92,1.06,5.1,24.81,7.35,19.14,7.12,1.75,1.63,2.69
NAVI,"3,539,962","263,390","5,179 M","292,000 K","1,377 M","-84,000 K",2.2,1.68%,97.87%,-7.36%,-33.66%,0.00%,-13.87%,-5.79%,0.00%,7.72,1.19,0.42,30.13,6.84,13.25,7.03,13.9,,0.69,1.03,0.0
NBL,"14,401,480","492,190","4,256 M","-1,118,000 K","1,201 M","494,000 K",1.04,1.96%,95.64%,-12.90%,-42.54%,-48.46%,0.78%,-87.50%,-13.04%,101.1,,0.69,0.64,6.71,21.82,32.05,1.46,17.46,3.51,1.39,-5.19
NCLH,"12,095,697","227,320","5,396 M","759,870 K","1,250 M","98,800 K",1.26,0.98%,90.94%,11.28%,-2.38%,74.46%,137.06%,321.28%,0.00%,14.13,0.51,6.38,0.99,8.69,25.17,11.54,16.89,,2.29,2.16,3.88
NDAQ,"14,190,911","166,560","3,965 M","734,000 K","1,025 M","247,000 K",0.64,0.40%,76.50%,24.52%,68.45%,191.98%,27.12%,62.40%,274.36%,20.4,1.85,4.79,0.63,16.38,35.41,17.69,12.75,19.36,3.63,2.44,7.15
NEE,"76,621,072","470,790","17,195 M","5,378 M","4,011 M","2,155 M",0.24,0.53%,76.38%,26.28%,55.15%,104.74%,20.62%,46.61%,63.75%,24.44,2.69,3.34,1.07,13.31,62.71,21.07,11.5,12.05,4.49,2.62,4.0
NEM,"20,960,036","533,470","7,348 M","-98,000 K","1,935 M","-527,000 K",0.25,0.36%,82.28%,12.15%,75.95%,8.03%,-25.54%,-60.65%,-82.14%,26.9,,3.74,0.35,10.32,21.81,27.57,6.52,22.51,2.85,1.8,5.53
NFLX,"125,346,464","433,950","11,693 M","558,930 K","3,286 M","185,520 K",0.99,4.90%,81.62%,107.57%,344.80%,1067.41%,223.96%,3025.00%,0.00%,235.18,4.03,3.34,1.81,18.52,8.25,105.73,17.2,8.04,10.91,35.61,2.37
NFX,"4,843,210","199,720","1,767 M","427,000 K","509,000 K","95,000 K",1.53,0.54%,99.82%,-31.75%,-34.79%,11.75%,-31.16%,-4.02%,0.00%,11.06,0.7,9.55,1.73,5.48,7.05,8.03,35.57,17.96,2.79,3.5,5.34
NI,"8,182,193","337,410","4,875 M","128,500 K","1,368 M","-52,400 K",0.26,0.35%,87.01%,2.51%,40.65%,101.49%,-3.69%,-15.38%,-25.53%,21.24,3.5,1.97,1.74,8.44,12.83,18.8,8.9,4.89,1.69,1.9,2.25
NKE,"109,899,800","1,626,940","34,350 M","4,240 M","8,984 M","-921,000 K",0.65,3.90%,65.67%,22.94%,35.14%,123.01%,42.37%,112.71%,58.14%,30.13,2.95,16.4,0.3,23.07,6.01,29.1,33.38,10.22,3.3,11.57,83.81
NKTR,"15,105,561","160,920","307,710 K","-96,690 K","95,470 K","-33,830 K",1.74,6.10%,96.22%,398.51%,736.63%,754.92%,279.00%,-63.09%,0.00%,0.0,,-16.48,2.79,,0.56,-70.74,-156.85,-92.7,531.54,181.89,-1.35
NLSN,"11,262,692","356,640","6,572 M","429,000 K","1,761 M","81,000 K",0.95,0.67%,98.07%,-23.20%,-31.36%,-11.02%,17.11%,17.22%,0.00%,15.49,1.6,4.46,1.88,8.21,12.47,12.56,16.79,-1.85,1.75,2.58,3.21
NOC,"61,230,932","174,090","25,803 M","2,015 M","6,634 M","178,000 K",0.78,0.70%,80.71%,47.52%,112.71%,387.75%,2.32%,77.78%,81.40%,27.11,2.58,8.28,2.04,22.33,40.48,23.06,37.29,6.28,2.43,8.89,9.47
NOV,"14,061,380","380,140","7,304 M","-237,000 K","1,969 M","-14,000 K",0.8,0.17%,93.57%,-5.03%,-32.04%,-40.37%,-63.55%,-107.11%,-59.18%,0.0,24.18,-0.75,0.19,26.06,37.26,143.93,-1.1,13.49,1.94,1.0,-2.84
NRG,"9,516,495","317,640","10,629 M","-2,153,000 K","2,120 M","-1,535,000 K",0.9,0.38%,97.31%,64.34%,21.94%,10.39%,26.21%,172.50%,-33.33%,31.57,,1.2,7.99,5.8,6.22,10.86,9.46,6.49,0.91,4.88,-0.73
NSC,"36,738,240","284,000","10,551 M","5,404 M","2,669 M","3,968 M",1.31,0.36%,72.48%,12.31%,21.64%,68.42%,-4.43%,23.09%,25.77%,20.17,1.32,5.46,0.56,12.74,57.57,15.37,14.16,16.73,3.6,2.32,6.69
NTAP,"16,908,432","267,920","5,519 M","509,000 K","1,523 M","-506,000 K",1.27,0.47%,94.99%,57.94%,77.93%,77.98%,-11.46%,10.53%,0.00%,22.54,2.0,7.87,0.55,20.87,8.12,21.65,29.38,11.88,3.05,7.74,0.0
NTRS,"22,821,928","225,580","5,716 M","1,199 M","1,533 M","356,600 K",0.95,1.04%,79.74%,19.86%,42.77%,81.83%,36.29%,68.88%,35.59%,21.67,1.37,0.91,0.35,13.94,44.92,16.54,12.77,15.96,4.12,2.55,11.33
NUE,"19,295,778","317,940","20,252 M","1,319 M","5,092 M","383,890 K",1.54,0.70%,80.08%,0.76%,25.86%,36.97%,4.24%,108.93%,3.42%,17.77,0.99,7.11,0.36,10.8,28.58,11.42,13.03,2.63,0.99,2.21,11.08
NVDA,"129,621,248","605,000","9,714 M","3,047 M","2,911 M","1,119 M",1.51,5.82%,66.94%,119.68%,841.34%,1536.75%,126.95%,413.19%,612.50%,47.71,3.48,29.27,0.31,42.85,12.33,34.52,45.02,14.65,13.79,17.96,53.39
NWL,"12,513,309","485,200","14,742 M","2,749 M","3,743 M","1,653 M",0.81,0.97%,92.74%,-44.33%,-35.59%,0.55%,149.75%,61.76%,104.65%,9.53,1.41,3.99,0.7,6.23,28.94,9.64,10.47,5.6,0.86,0.91,4.05
NWS,"9,207,292","582,740","8,139 M","-738,000 K","2,180 M","-83,000 K",1.83,39.40%,10.18%,22.87%,0.45%,0.00%,-5.95%,0.00%,0.00%,32.65,,1.94,0.02,14.17,19.18,0.02,2.52,8.2,1.15,0.84,16.77
NWSA,"9,032,470","582,740","8,139 M","-738,000 K","2,180 M","-83,000 K",1.93,13.89%,62.12%,26.66%,-2.64%,0.00%,-5.95%,-30.77%,0.00%,32.14,2.44,1.94,0.02,13.95,19.15,30.27,2.52,8.2,1.13,0.82,0.0
O,"14,803,741","284,250","1,216 M","318,800 K","310,650 K","60,850 K",0.18,0.30%,70.97%,-13.18%,5.19%,9.11%,155.68%,76.32%,42.70%,17.17,3.99,2.69,0.83,16.28,26.23,16.5,5.11,38.12,12.24,2.0,0.0
OKE,"23,278,614","410,630","12,174 M","387,840 K","3,792 M","63,050 K",1.22,1.00%,68.47%,2.42%,17.49%,14.76%,-3.63%,7.32%,114.17%,33.99,2.35,3.19,1.42,25.2,13.85,22.06,10.46,2.37,1.94,4.15,3.14
OMC,"16,519,570","230,270","15,274 M","1,088 M","4,177 M","254,400 K",1.16,1.10%,98.62%,-15.31%,-8.75%,19.27%,7.41%,41.27%,87.50%,14.36,2.23,5.16,1.56,11.43,13.67,12.81,40.67,6.78,1.09,5.3,9.4
ORCL,"185,578,272","4,139,600","37,728 M","9,335 M","9,771 M","-4,024,000 K",1.15,29.00%,57.94%,2.81%,3.03%,33.98%,1.64%,5.51%,166.67%,16.77,1.7,8.59,1.03,14.58,11.66,16.22,21.77,23.99,5.04,3.94,7.41
ORLY,"19,757,928","83,300","8,978 M","1,134 M","2,191 M","302,320 K",0.94,3.12%,88.65%,-6.66%,7.81%,129.97%,45.22%,149.26%,0.00%,20.63,0.99,14.31,4.56,16.0,7.68,15.35,119.05,8.19,2.26,31.75,18.93
OXY,"51,670,580","765,150","12,508 M","1,311 M","3,492 M","497,000 K",0.65,0.32%,82.69%,9.92%,-13.92%,-19.02%,-48.25%,-87.45%,41.67%,76.15,3.89,1.63,0.45,11.06,26.88,25.19,3.29,26.39,3.91,2.52,3.81
PAYX,"21,814,874","359,270","3,151 M","817,300 K","866,500 K","260,400 K",0.98,11.70%,68.71%,6.26%,23.21%,68.01%,41.33%,45.70%,44.88%,26.11,3.2,11.86,0.0,22.37,5.69,24.41,43.42,24.72,7.08,10.91,0.0
PBCT,"6,383,353","347,110","1,655 M","337,200 K","438,000 K","106,300 K",0.88,2.50%,76.15%,4.43%,22.03%,38.27%,22.73%,42.47%,7.81%,18.26,7.33,0.84,0.66,15.18,16.79,14.26,6.69,12.85,3.94,1.17,7.56
PCAR,"23,329,484","352,090","19,456 M","1,675 M","5,455 M","589,200 K",1.23,2.64%,64.10%,-1.00%,4.78%,31.91%,14.11%,36.54%,38.61%,16.04,1.29,6.7,0.74,9.21,22.9,12.24,19.65,6.09,1.24,2.98,15.0
PCG,"22,643,230","514,970","17,135 M","1,660 M","4,100 M","118,000 K",-0.01,0.15%,81.19%,-33.66%,-17.10%,-6.90%,13.93%,14.29%,-14.84%,12.0,2.8,2.72,0.91,4.76,37.85,11.53,9.93,7.51,1.32,1.16,3.44
PEG,"25,288,976","504,770","9,084 M","1,574 M","2,096 M","956,000 K",0.39,0.58%,68.37%,12.29%,20.23%,42.90%,-7.13%,20.08%,21.99%,17.31,4.14,3.63,0.87,6.8,27.36,15.88,11.25,14.36,2.82,1.85,4.24
PEP,"155,144,784","1,419,440","63,525 M","4,857 M","19,526 M","-710,000 K",0.66,0.27%,70.84%,-1.52%,13.62%,36.64%,-3.00%,27.56%,48.83%,21.14,2.62,9.71,3.03,15.9,7.72,19.17,61.14,10.11,2.47,14.12,9.34
PFE,"209,362,432","5,952,870","52,546 M","21,308 M","13,703 M","12,274 M",0.9,0.06%,71.20%,4.66%,-0.76%,14.67%,-10.92%,21.00%,45.45%,13.48,1.78,9.42,0.47,9.53,12.02,11.87,25.21,12.78,4.05,2.97,0.0
PFG,"17,266,632","289,660","14,093 M","2,310 M","3,238 M","841,800 K",1.56,1.50%,70.29%,-3.61%,18.56%,68.15%,52.94%,87.36%,139.74%,12.14,1.12,0.61,0.25,9.28,44.71,10.43,12.61,9.26,1.26,1.37,0.0
PG,"197,722,032","2,521,000","65,058 M","15,326 M","17,395 M","2,495 M",0.57,0.35%,60.98%,-12.16%,-5.90%,-2.06%,-22.25%,1.82%,26.17%,19.27,2.48,8.99,0.41,14.87,21.71,18.79,20.66,14.29,3.05,3.7,29.51
PGR,"34,960,092","582,280","26,839 M","1,592 M","7,120 M","576,300 K",0.65,0.56%,81.08%,53.98%,123.20%,134.62%,57.10%,128.70%,-51.77%,24.9,2.26,3.86,0.36,19.16,15.96,16.23,15.96,7.62,1.33,3.84,14.97
PH,"22,277,892","133,050","12,029 M","983,410 K","3,371 M","56,160 K",1.42,1.12%,81.64%,5.34%,38.92%,88.05%,-8.49%,8.86%,67.53%,19.24,1.48,7.8,0.87,15.76,41.43,16.77,23.15,8.5,1.9,4.16,9.18
PHM,"8,602,394","286,460","8,573 M","447,220 K","2,794 M","77,420 K",1.04,0.71%,85.34%,30.24%,34.54%,56.24%,77.87%,212.86%,0.00%,13.82,0.48,6.93,0.0,12.4,14.13,9.67,15.52,-31.58,1.03,2.18,0.0
PKG,"10,391,709","94,350","6,445 M","668,600 K","1,684 M","268,900 K",1.82,1.20%,88.84%,23.24%,39.86%,145.52%,126.62%,192.23%,152.00%,18.77,1.78,9.51,1.15,11.0,23.13,14.45,28.85,8.77,1.66,4.89,9.08
PKI,"8,088,600","110,500","2,257 M","292,630 K","641,630 K","-41,120 K",0.81,2.10%,91.94%,29.20%,42.03%,109.68%,6.70%,40.78%,25.00%,25.99,1.75,6.51,0.71,19.34,22.71,20.81,13.29,19.49,3.72,3.34,37.68
PLD,"32,643,982","533,050","2,618 M","1,652 M","619,920 K","300,890 K",0.83,1.31%,95.39%,15.92%,44.13%,48.97%,30.52%,1230.43%,57.14%,21.98,4.64,5.55,0.51,12.98,35.15,21.08,9.12,-13.52,12.57,1.76,7.61
PM,"156,907,280","1,553,230","78,098 M","6,035 M","21,585 M","694,000 K",0.86,0.23%,72.22%,-10.48%,29.68%,4.75%,0.91%,-5.56%,30.25%,21.64,1.91,18.29,-3.06,18.5,-6.59,19.17,-71.99,11.05,2.02,,12.59
PNC,"69,771,736","471,590","18,035 M","5,338 M","4,740 M","2,080 M",0.91,0.38%,82.24%,26.87%,58.27%,124.81%,8.61%,35.35%,67.74%,17.95,1.41,1.18,1.14,13.03,100.6,14.03,9.51,23.24,3.99,1.52,6.07
PNR,"12,392,603","182,030","4,937 M","666,500 K","1,261 M","189,600 K",1.37,9.90%,86.58%,10.19%,8.65%,27.61%,11.78%,47.70%,56.82%,19.96,1.6,6.86,0.29,15.29,27.94,16.92,13.41,6.77,2.6,2.52,6.03
PNW,"8,916,050","111,800","3,565 M","488,460 K","759,660 K","21,630 K",0.27,0.70%,82.64%,-5.19%,25.04%,34.06%,7.98%,24.29%,25.47%,18.46,6.07,2.92,0.93,8.27,45.97,17.9,9.59,9.53,2.52,1.75,4.49
PPG,"27,334,374","249,880","14,750 M","1,591 M","3,599 M","147,000 K",1.56,0.33%,76.82%,4.37%,-4.67%,60.57%,-2.96%,47.86%,45.30%,18.96,1.94,9.03,0.73,14.4,22.29,16.73,26.76,7.21,1.89,5.01,20.12
PPL,"19,384,816","694,050","7,447 M","1,128 M","1,926 M","78,000 K",0.52,0.40%,71.46%,-24.71%,-17.97%,-12.69%,-39.39%,-7.02%,9.72%,12.44,2.02,3.85,1.84,7.25,15.63,12.06,14.75,12.71,2.61,1.79,3.12
PRGO,"11,546,652","140,830","4,946 M","119,600 K","1,283 M","73,100 K",0.76,6.90%,79.11%,21.19%,-58.71%,-31.63%,39.73%,-1.20%,93.94%,16.95,2.08,5.71,0.53,10.48,43.81,15.66,11.54,12.31,2.38,1.91,2.67
PRU,"43,183,260","422,000","59,689 M","7,863 M","16,265 M","3,765 M",1.52,0.66%,66.76%,-2.07%,27.37%,79.84%,-29.62%,68.74%,87.50%,9.92,1.02,0.57,0.32,9.13,128.17,8.49,9.29,7.92,0.83,0.82,0.0
PSA,"34,716,568","174,210","2,669 M","1,442 M","672,310 K","389,400 K",0.28,14.00%,81.66%,-10.57%,2.89%,25.72%,46.08%,75.72%,81.82%,20.12,3.98,13.02,0.0,18.46,51.56,18.89,27.48,49.27,13.15,7.09,113.63
PSX,"45,236,504","466,500","102,354 M","5,106 M","29,746 M","3,198 M",1.07,0.50%,77.74%,27.34%,23.78%,59.83%,-42.97%,-48.23%,506.67%,22.32,1.7,4.32,0.37,13.86,53.62,14.3,9.18,,0.44,1.82,9.12
PVH,"12,057,239","76,930","8,915 M","537,800 K","2,499 M","108,500 K",0.74,1.30%,96.16%,54.23%,41.99%,42.83%,47.52%,20.67%,0.00%,20.09,1.34,5.44,0.61,12.93,71.97,17.14,12.03,2.64,1.38,2.22,5.18
PWR,"5,184,113","153,740","9,466 M","314,980 K","2,479 M","113,560 K",0.86,0.75%,86.29%,-5.28%,17.82%,20.17%,59.90%,22.76%,0.00%,19.33,1.79,4.58,0.18,10.79,24.53,13.98,7.75,2.65,0.56,1.41,17.89
PX,"41,112,704","287,140","11,437 M","1,247 M","2,953 M","33,000 K",1.08,0.23%,86.30%,21.72%,17.02%,28.99%,1.90%,5.03%,43.18%,25.08,1.91,8.4,1.2,14.61,22.74,21.56,26.54,12.43,3.68,6.45,15.2
PXD,"28,632,540","170,300","5,455 M","833,000 K","897,000 K","665,000 K",0.96,0.89%,89.40%,-9.51%,-2.54%,41.75%,68.97%,-44.04%,0.00%,79.83,2.1,2.25,0.2,15.66,66.28,25.98,3.45,37.67,5.38,2.6,3.02
PYPL,"88,643,824","1,200,160","13,094 M","1,795 M","3,744 M","620,000 K",1.28,6.00%,80.57%,77.49%,0.00%,0.00%,131.26%,0.00%,0.00%,52.71,2.54,4.8,0.0,37.01,13.31,42.62,11.59,,7.05,5.78,0.0
QCOM,"78,636,720","1,480,360","22,291 M","2,466 M","6,068 M","-5,953,000 K",1.44,0.17%,77.98%,-3.30%,-23.19%,-20.34%,16.58%,16.31%,136.56%,15.42,1.71,8.48,0.81,11.46,16.16,19.01,18.1,29.49,3.66,3.41,7.11
QRVO,"8,818,883","126,490","3,033 M","-16,560 K","845,740 K","-33,080 K",0.92,0.91%,97.55%,-0.29%,-5.25%,0.00%,0.00%,0.00%,0.00%,16.38,0.99,8.82,0.23,7.41,37.92,12.45,11.72,,3.0,1.88,1.46
RCL,"24,544,912","213,750","8,778 M","1,625 M","2,004 M","288,040 K",1.23,15.30%,74.41%,20.08%,41.35%,245.04%,14.18%,282.23%,390.91%,15.65,0.64,7.35,0.59,10.57,45.5,13.19,16.22,8.23,2.87,2.59,6.42
RE,"10,383,570","40,840","6,608 M","468,970 K","1,867 M","571,030 K",0.45,1.30%,92.55%,11.25%,41.28%,98.65%,34.23%,-33.19%,163.02%,28.97,1.14,1.63,0.08,25.0,203.78,11.32,4.51,6.06,1.58,1.26,13.82
REG,"10,025,373","170,790","984,330 K","176,080 K","264,750 K","85,140 K",0.47,1.10%,91.60%,-11.11%,-11.53%,7.02%,98.09%,-1350.00%,13.51%,16.13,2.24,1.62,0.53,20.44,39.58,15.46,2.71,-1.37,10.35,1.51,1.74
REGN,"34,421,996","107,700","5,872 M","1,199 M","1,582 M","173,520 K",1.46,10.80%,66.39%,-15.47%,-30.73%,48.08%,325.99%,242.97%,0.00%,23.78,1.07,19.26,0.11,20.72,57.09,16.65,28.48,-33.6,6.03,5.76,83.74
RF,"20,464,270","1,122,560","6,093 M","1,263 M","1,575 M","335,000 K",1.26,0.84%,76.28%,29.19%,90.09%,124.78%,1.50%,28.21%,700.00%,18.84,1.4,1.0,0.53,11.91,14.28,13.54,7.87,1.39,3.47,1.39,7.41
RHI,"7,101,460","124,260","5,267 M","290,580 K","1,346 M","47,050 K",1.18,3.40%,85.49%,29.90%,-3.95%,57.05%,28.11%,73.33%,60.00%,22.87,,17.52,0.0,19.03,8.82,17.68,29.31,3.05,1.4,6.72,0.0
RHT,"26,403,090","177,000","2,920 M","258,800 K","772,330 K","-12,550 K",1.07,0.66%,95.75%,80.38%,96.92%,195.09%,119.78%,164.37%,0.00%,67.14,3.81,8.5,0.53,49.24,8.31,59.24,29.36,11.99,9.16,18.19,20.32
RJF,"12,351,488","145,620","6,525 M","636,240 K","1,766 M","118,840 K",1.6,10.46%,70.93%,14.13%,51.76%,84.39%,67.39%,108.37%,69.23%,15.72,0.77,2.42,0.53,15.45,39.98,12.49,14.87,8.37,1.97,2.21,7.03
RL,"9,085,783","81,290","6,653 M","-99,300 K","1,642 M","-81,800 K",0.64,32.93%,73.64%,42.67%,-19.08%,-35.77%,-3.01%,-19.92%,150.00%,19.0,1.83,8.39,0.09,11.81,41.91,18.25,14.64,10.54,1.47,2.73,-7.46
RMD,"13,381,106","142,930","2,067 M","342,280 K","601,270 K","9,530 K",0.9,1.77%,62.40%,38.19%,25.13%,104.72%,51.02%,62.07%,0.00%,30.32,,12.86,0.0,26.3,14.13,27.97,22.74,18.26,6.58,6.74,15.83
ROK,"21,589,710","127,780","6,311 M","825,700 K","1,587 M","-236,400 K",1.26,1.65%,73.21%,10.93%,51.47%,92.81%,0.83%,31.77%,73.71%,25.13,1.97,12.68,0.57,21.43,16.87,21.65,39.45,11.0,3.54,10.37,14.61
ROP,"27,541,988","102,830","4,607 M","971,770 K","1,227 M","443,870 K",1.04,2.50%,94.33%,30.51%,57.27%,117.12%,53.92%,89.92%,94.44%,29.28,2.02,6.84,0.63,21.25,67.05,24.2,15.28,14.71,6.15,4.11,6.73
ROST,"29,331,088","378,710","14,135 M","1,363 M","4,068 M","450,750 K",1.08,2.30%,89.58%,23.51%,49.72%,139.52%,45.40%,88.70%,128.57%,23.88,1.98,22.75,0.14,19.11,7.98,19.19,44.53,7.39,2.14,10.0,266.72
RRC,"3,472,104","248,540","2,611 M","333,150 K","679,030 K","221,190 K",0.55,2.40%,96.32%,-51.54%,-74.71%,-82.30%,79.12%,-36.96%,-50.00%,11.71,0.61,2.64,0.71,4.3,23.27,13.63,5.42,-30.96,1.38,0.62,1.42
RSG,"22,141,388","331,210","10,042 M","1,278 M","2,560 M","664,500 K",0.54,0.40%,61.07%,7.15%,62.97%,99.43%,23.69%,35.00%,46.15%,27.92,2.16,3.94,0.94,11.75,23.82,21.7,10.61,5.98,2.25,2.86,4.54
RTN,"62,292,196","288,510","25,348 M","2,024 M","6,783 M","393,000 K",0.7,0.19%,73.43%,42.87%,96.35%,270.09%,3.83%,22.71%,19.50%,28.46,2.08,7.4,0.48,22.9,34.46,22.34,21.36,7.9,2.5,6.37,16.19
SBAC,"19,775,242","116,510","1,728 M","103,650 K","443,070 K","7,660 K",0.86,2.10%,92.87%,42.35%,44.24%,124.84%,81.08%,-270.69%,0.00%,173.42,18.03,1.63,-3.57,25.49,-22.32,178.29,-5.43,-20.77,11.58,,1.36
SBUX,"82,002,704","1,405,600","22,387 M","2,885 M","6,074 M","2,250 M",0.64,3.40%,73.52%,1.96%,21.11%,97.46%,68.33%,128.89%,194.12%,26.88,1.64,20.73,0.79,20.91,4.1,23.43,56.35,10.13,3.71,14.43,47.68
SCG,"5,344,721","142,640","4,407 M","-119,000 K","1,157 M","-445,000 K",0.21,0.37%,70.31%,-42.92%,-32.06%,-28.76%,5.53%,33.33%,23.74%,9.19,3.86,3.16,1.12,5.26,36.77,13.09,10.61,8.42,1.25,1.05,0.36
SCHW,"67,471,608","1,346,470","8,618 M","2,354 M","2,242 M","597,000 K",1.55,12.00%,80.56%,28.45%,63.22%,189.99%,76.49%,156.25%,33.33%,31.92,1.28,1.04,0.3,23.31,13.82,20.86,16.03,15.78,8.18,4.46,0.0
SEE,"7,091,891","167,380","4,462 M","814,900 K","1,228 M","-17,100 K",1.13,1.05%,98.29%,0.26%,-8.49%,87.06%,-41.66%,90.53%,23.08%,23.84,1.59,5.22,21.21,15.91,0.84,17.51,74.27,5.39,1.63,51.38,2.95
SHW,"36,252,880","93,990","14,984 M","1,772 M","3,980 M","897,390 K",1.17,0.78%,75.45%,25.22%,32.71%,125.90%,57.15%,119.20%,117.95%,27.39,1.77,8.05,2.68,19.41,39.48,20.2,50.59,5.99,2.49,10.05,6.8
SIVB,"12,485,213","52,890","2,022 M","490,510 K","557,280 K","117,210 K",1.44,0.74%,89.65%,32.75%,86.86%,242.61%,105.47%,153.45%,0.00%,24.45,1.58,1.07,0.16,26.95,81.75,16.96,12.83,17.47,6.34,2.96,25.23
SJM,"14,079,584","113,600","7,392 M","592,300 K","1,903 M","831,300 K",0.62,3.50%,77.59%,-2.96%,6.16%,22.59%,33.78%,63.21%,55.32%,15.84,1.91,5.72,0.61,10.98,68.7,15.03,12.46,9.83,1.91,1.8,6.39
SLB,"89,069,736","1,383,930","30,440 M","-1,505,000 K","8,179 M","-2,255,000 K",1.05,0.48%,79.90%,-17.16%,-27.77%,-14.94%,-27.78%,-64.03%,81.82%,43.85,5.19,2.81,0.4,15.37,26.92,30.46,5.27,14.77,2.99,2.44,-1.09
SLG,"8,537,991","90,330","1,511 M","112,780 K","361,340 K","34,570 K",1.06,3.09%,-11.63%,-26.07%,7.03%,7.94%,-50.00%,190.74%,1.60 on 01/24/18,14.91,2.37,0.67,0.45,17.09,79.24,14,1.38,61.71,5.74,1.3,1.11
SNA,"8,278,852","56,720","3,687 M","557,700 K","974,600 K","129,500 K",1.16,4.00%,99.40%,-10.70%,-1.62%,71.98%,25.49%,94.62%,110.71%,14.77,1.26,11.6,0.25,12.43,52.14,12.72,20.54,8.61,2.3,2.87,16.69
SNPS,"12,105,134","148,730","2,725 M","136,560 K","769,430 K","-3,690 K",1.09,1.84%,90.54%,16.34%,70.27%,133.95%,55.17%,-45.68%,0.00%,59.26,5.34,3.99,0.04,38.23,21.12,52.41,6.72,13.6,4.53,3.93,0.0
SO,"45,155,488","1,008,160","23,031 M","880,000 K","5,629 M","502,000 K",0.02,1.00%,56.40%,-9.82%,0.38%,-6.45%,39.27%,12.69%,18.56%,14.9,3.45,2.74,1.84,6.98,25.76,15.47,11.96,11.6,1.97,1.87,1.63
SPG,"49,364,396","320,340","5,539 M","1,948 M","1,428 M","571,950 K",0.57,8.42%,94.78%,-9.56%,-19.43%,-11.26%,13.49%,39.83%,74.39%,13.86,1.99,6.22,5.87,14.59,13.23,12.85,44.93,20.11,9.0,11.88,3.3
SPGI,"47,560,548","253,900","6,063 M","1,496 M","1,588 M","262,000 K",1.36,0.20%,85.58%,46.84%,78.21%,261.62%,36.25%,150.55%,-53.41%,27.5,1.54,20.05,4.13,24.64,3.01,22,199.44,,7.95,63.0,17.52
SRCL,"4,967,308","85,540","3,581 M","42,400 K","887,790 K","89,220 K",0.39,3.50%,94.28%,-29.45%,-59.09%,-46.82%,87.16%,31.52%,0.00%,13.5,1.33,5.61,0.9,7.78,34.07,12.67,13.83,13.92,1.4,1.72,-0.15
SRE,"28,373,712","255,320","11,207 M","257,000 K","2,964 M","-501,000 K",0.49,0.17%,82.43%,1.84%,3.04%,34.82%,16.17%,24.60%,37.08%,20.58,2.21,2.76,1.09,10.72,55.11,19.84,8.86,12.77,2.54,2.03,3.41
STI,"30,898,434","468,300","9,741 M","2,273 M","2,475 M","739,000 K",1.33,0.52%,83.59%,23.14%,58.99%,129.18%,-13.34%,12.53%,560.00%,16.92,1.08,1.0,0.43,11.56,53.41,13.04,9.18,6.84,3.3,1.42,9.04
STT,"35,842,196","367,650","11,774 M","2,177 M","3,027 M","370,000 K",1.31,0.71%,88.39%,26.43%,27.69%,63.16%,16.29%,50.89%,66.67%,15.67,1.31,1.07,0.61,10.69,59.44,12.68,13.41,17.08,3.13,1.97,7.57
STX,"16,127,074","284,830","10,771 M","772,000 K","2,914 M","159,000 K",1.68,0.87%,88.84%,22.75%,1.87%,56.89%,-27.90%,-38.96%,193.02%,13.9,0.77,13.41,4.07,8.59,3.73,11.63,93.35,4.66,1.54,15.64,4.67
STZ,"44,236,168","194,710","7,585 M","2,319 M","1,766 M","925,500 K",1.75,15.59%,74.55%,33.03%,86.68%,361.86%,171.27%,298.17%,0.00%,26.4,1.29,8.86,1.01,21.91,41.41,23.47,22.28,18.41,5.38,5.55,8.06
SWK,"23,065,644","154,110","12,747 M","1,226 M","3,414 M","281,500 K",0.99,0.69%,84.04%,14.45%,55.10%,88.88%,25.09%,59.53%,34.44%,20.77,1.8,5.91,0.38,14.82,54.12,17.78,15.88,6.3,1.87,3.13,7.86
SWKS,"17,407,210","182,160","3,651 M","1,010 M","1,052 M","70,400 K",0.63,0.49%,83.20%,-3.33%,-4.09%,332.40%,132.78%,293.42%,0.00%,15.58,0.98,26.8,0.0,13.24,21.38,14.33,30.21,15.73,4.93,4.62,0.0
SYF,"25,703,038","760,220","16,695 M","1,935 M","4,353 M","385,000 K",1.12,0.03%,88.66%,3.65%,10.53%,0.00%,54.68%,0.00%,0.00%,13.28,1.34,2.27,1.46,11.41,18.47,10.03,14.62,,1.58,1.88,7.12
SYK,"58,132,892","374,640","12,444 M","1,020 M","3,471 M","-249,000 K",0.7,7.40%,75.71%,20.43%,65.53%,133.34%,43.74%,59.46%,94.44%,24.66,2.3,11.53,0.66,19.28,26.67,21.79,24.56,15.97,4.82,6.0,0.0
SYMC,"16,160,039","621,540","4,019 M","-106,000 K","1,209 M","1,342 M",0.87,1.30%,95.39%,-14.64%,1.64%,7.22%,-40.28%,-52.52%,0.00%,33.1,2.15,3.32,1.13,16.83,8.0,18.8,14.26,9.49,3.58,3.27,-0.26
SYY,"31,169,062","521,920","55,371 M","1,143 M","14,411 M","284,110 K",0.55,9.60%,79.03%,15.72%,56.46%,72.50%,30.65%,22.77%,21.25%,22.93,2.04,7.78,3.66,14.06,4.35,20.4,61.02,2.93,0.57,13.85,6.83
T,"218,732,576","6,139,000","160,546 M","29,450 M","41,676 M","19,037 M",0.39,0.09%,55.94%,-12.32%,8.73%,-7.67%,25.98%,32.03%,11.36%,11.85,2.49,4.39,0.89,5.13,23.13,10.26,14.54,16.25,1.38,1.56,3.4
TAP,"15,770,370","215,560","11,003 M","1,414 M","2,580 M","609,600 K",0.81,2.76%,77.08%,-22.66%,-6.08%,40.94%,180.93%,14.32%,28.13%,16.87,1.65,3.14,0.79,8.82,62.37,14.19,7.55,15.03,1.18,1.18,4.96
TDG,"15,991,991","52,200","3,504 M","596,890 K","847,960 K","314,780 K",0.78,10.52%,34.06%,37.26%,100.37%,106.11%,87.66%,0.00%,2.65 on 02/06/18,26.15,1.59,6.47,-4.38,19.51,-50.03,18.36,-27.7,14.13,4.63,,2.39
TEL,"33,684,552","351,210","13,113 M","1,683 M","3,480 M","-40,000 K",1.07,0.70%,91.76%,34.17%,35.08%,130.50%,-1.27%,68.88%,97.44%,19.45,1.64,9.71,0.34,14.76,27.42,17.47,19.49,8.98,2.65,3.6,15.83
TGT,"39,294,676","543,570","71,879 M","2,934 M","22,766 M","1,101 M",0.72,0.25%,87.02%,35.73%,-13.50%,4.03%,-1.94%,-1.05%,84.85%,15.35,3.05,6.71,1.01,7.82,21.54,13.68,23.04,4.4,0.55,3.36,6.47
TIF,"11,878,683","124,280","4,170 M","370,100 K","1,334 M","62,000 K",1.77,1.40%,83.27%,3.69%,6.85%,31.53%,9.90%,27.08%,56.00%,23.76,2.01,9.76,0.28,17.06,26.14,21.88,16.32,11.92,2.92,3.75,19.11
TJX,"52,759,112","632,300","35,865 M","2,608 M","10,961 M","877,280 K",0.67,0.23%,90.95%,9.45%,21.76%,71.76%,38.59%,58.43%,122.22%,21.03,1.7,19.45,0.48,15.65,8.14,17.28,55.23,5.86,1.5,10.44,123.08
TMK,"9,466,359","114,080","4,156 M","1,454 M","1,057 M","1,027 M",0.95,3.68%,74.75%,10.50%,48.55%,108.77%,15.77%,39.71%,55.26%,17.66,1.33,2.52,0.18,9.22,53.98,13.77,10.81,15.91,2.33,1.57,10.83
TMO,"82,589,896","401,780","20,918 M","2,225 M","6,047 M","528,100 K",1.15,0.49%,87.67%,38.16%,53.71%,158.27%,67.21%,92.11%,11.11%,22.35,1.55,7.35,0.74,14.63,63.37,18.98,16.01,12.1,4.07,3.34,0.0
TPR,"14,947,654","284,880","4,488 M","591,000 K","1,785 M","63,200 K",0.43,0.98%,89.39%,33.36%,21.94%,0.19%,-5.77%,-39.09%,37.76%,22.04,1.86,10.98,0.64,18.47,10.37,20.34,23.68,,3.43,5.21,27.73
TRIP,"5,580,047","138,980","1,556 M","-19,000 K","321,000 K","-84,000 K",1.83,1.09%,89.15%,-4.54%,-51.59%,-23.51%,103.94%,-65.71%,0.00%,73.88,4.94,3.32,0.17,32.08,9.81,62.15,5.63,,3.7,4.22,8.33
TROW,"25,531,348","244,600","4,793 M","1,498 M","1,286 M","347,100 K",1.21,3.10%,72.84%,53.27%,28.90%,35.91%,58.58%,61.61%,-3.39%,19.8,1.22,19.64,0.0,17.32,24.04,14.65,25.3,28.86,5.49,4.47,0.0
TRV,"37,253,768","271,430","28,902 M","2,056 M","7,451 M","551,000 K",1.25,0.82%,80.13%,14.83%,27.50%,59.11%,12.28%,17.23%,58.10%,19.16,1.75,1.98,0.28,5.38,87.44,12.93,8.61,9.32,1.31,1.59,8.4
TSCO,"7,395,636","123,880","7,256 M","422,600 K","1,953 M","109,740 K",1.28,1.20%,83.25%,-14.13%,-31.60%,11.21%,55.58%,75.26%,191.67%,18.37,1.15,14.76,0.31,12.98,11.3,14.78,30.81,4.95,1.05,5.43,49.52
TSN,"25,800,480","368,000","38,260 M","1,774 M","10,229 M","1,631 M",0.19,2.65%,71.37%,13.38%,78.03%,193.59%,14.97%,178.01%,418.75%,12.83,0.97,7.65,0.74,9.57,32.54,10.54,19.25,2.77,0.68,2.18,10.42
TSS,"15,261,686","181,730","4,928 M","586,190 K","1,273 M","242,210 K",1.11,2.40%,76.51%,62.83%,119.50%,237.27%,163.39%,149.61%,15.00%,26.98,1.5,9.48,1.17,15.85,12.19,21.22,26.5,11.17,3.2,7.13,0.0
TTWO,"10,825,672","114,400","1,780 M","67,300 K","480,840 K","25,140 K",1.04,1.55%,91.27%,65.91%,274.48%,499.68%,115.51%,-270.54%,0.00%,32.55,1.55,10.06,0.01,21.75,12.28,22.66,27.78,5.22,5.47,8.03,0.0
TWX,"74,491,264","779,850","31,271 M","5,247 M","8,611 M","1,389 M",0.88,0.16%,80.84%,-2.44%,11.73%,60.65%,8.85%,95.73%,54.81%,15.04,1.5,7.54,0.64,5.03,36.45,12.45,18.96,9.25,2.4,2.64,6.92
TXN,"97,847,752","983,790","14,961 M","3,682 M","3,750 M","344,000 K",1.24,0.84%,85.16%,27.11%,72.37%,177.43%,16.65%,157.83%,194.44%,23.94,2.13,26.01,0.35,19.14,10.49,19.92,40.83,22.24,6.72,9.75,78.95
TXT,"15,148,629","261,770","14,198 M","307,000 K","4,017 M","-106,000 K",1.36,1.20%,83.26%,22.82%,25.48%,94.13%,16.03%,18.93%,0.00%,24.32,1.87,4.2,0.69,14.2,21.44,18.91,11.58,1.21,1.1,2.78,5.38
UA,"6,522,008","442,170","4,977 M","-48,260 K","1,365 M","-87,920 K",-0.68,16.50%,32.32%,-21.70%,0.00%,0.00%,171.21%,0.00%,0.00%,84.39,,0.0,,18.14,4.57,0.01,0,6.17,1.35,3.28,0.7
UAA,"7,508,047","442,170","4,977 M","-48,260 K","1,365 M","-87,920 K",-0.23,16.40%,33.67%,-16.15%,-59.45%,19.16%,171.21%,-38.71%,0.00%,97.06,4.93,2.18,0.38,29.58,4.57,103.54,4.17,,1.55,3.83,0.7
UAL,"19,538,962","284,700","37,736 M","2,131 M","9,438 M","580,000 K",0.87,0.27%,95.28%,-2.50%,12.42%,126.65%,1.57%,325.16%,0.00%,10.44,,4.87,1.44,4.99,29.72,8.77,23.4,1.22,0.53,2.38,6.36
UDR,"9,575,993","268,160","995,790 K","121,560 K","252,880 K","69,240 K",0.36,3.07%,97.69%,-1.26%,8.24%,43.47%,36.53%,-300.00%,39.77%,19.27,3.34,1.67,1.32,17.29,10.59,18.49,4.53,-9.78,9.7,3.46,1.69
UHS,"11,170,995","94,270","10,410 M","752,300 K","2,643 M","219,610 K",0.83,13.20%,88.16%,-2.59%,0.05%,89.72%,49.54%,81.45%,-33.33%,15.84,1.18,6.98,0.69,9.77,53.61,12.4,15.05,4.64,1.1,2.27,8.82
ULTA,"12,622,638","60,610","5,885 M","555,230 K","1,938 M","208,170 K",0.68,5.20%,91.98%,-25.22%,37.30%,137.50%,165.04%,204.48%,-100.00%,25.26,1.07,18.17,0.0,16.64,29.09,19.38,30.4,5.3,2.13,7.11,0.0
UNH,"216,717,136","967,660","201,159 M","10,558 M","52,061 M","3,617 M",0.77,0.89%,86.79%,35.16%,88.20%,255.32%,81.85%,90.72%,260.00%,22.73,1.33,7.16,0.58,18.24,51.42,17.9,21.29,5.01,1.1,4.45,12.82
UNM,"10,308,503","221,260","11,287 M","994,200 K","2,839 M","266,900 K",1.46,0.53%,92.98%,1.62%,37.51%,69.66%,7.34%,36.19%,82.98%,11.18,1.32,1.54,0.29,9.97,42.67,9.01,10.43,8.8,0.94,1.12,9.78
UNP,"101,527,200","779,300","21,240 M","10,712 M","5,450 M","7,278 M",0.79,0.20%,79.94%,22.89%,16.93%,84.44%,1.50%,39.86%,98.40%,22.95,1.65,8.15,0.65,15.54,31.58,17.22,22.26,16.39,4.88,4.22,11.61
UPS,"90,753,384","861,610","65,872 M","4,910 M","18,829 M","1,104 M",1.03,0.56%,54.06%,0.54%,8.82%,25.18%,21.70%,32.67%,45.61%,17.8,1.6,12.76,19.69,12.22,1.2,14.58,477.77,7.9,1.4,89.49,16.78
URI,"14,533,780","84,430","6,641 M","1,346 M","1,922 M","897,000 K",2.52,1.20%,90.21%,41.40%,79.39%,213.10%,61.31%,181.65%,0.00%,16.79,0.63,6.73,2.81,6.54,36.79,11.26,40.2,0.38,2.26,4.84,3.26
USB,"83,057,528","1,651,900","23,996 M","6,218 M","6,181 M","1,682 M",0.94,0.43%,74.22%,0.10%,14.93%,47.54%,8.08%,19.16%,48.72%,14.89,1.68,1.32,0.73,12.94,29.99,12.4,13.89,19.73,3.52,1.91,7.82
UTX,"98,181,000","799,780","59,837 M","4,552 M","15,680 M","397,000 K",1.08,0.17%,81.89%,9.73%,3.63%,28.29%,3.69%,24.07%,33.99%,18.88,1.9,5.62,0.8,13.48,39.35,17.43,17.35,8.32,1.68,3.2,9.54
V,"242,525,552","2,060,540","18,358 M","6,699 M","4,862 M","2,522 M",0.99,0.14%,81.52%,35.41%,77.42%,184.04%,76.16%,124.52%,200.00%,32.75,1.59,13.42,0.6,28.3,16.2,26.86,32.97,39.72,13.6,8.95,21.77
VAR,"10,740,532","91,300","2,668 M","249,600 K","678,500 K","-112,300 K",0.82,0.78%,99.21%,31.12%,24.63%,61.64%,-4.95%,-4.76%,0.00%,29.53,3.5,11.96,0.0,26.84,15.18,27.31,27.13,15.94,4.12,7.93,33.22
VFC,"30,271,414","396,690","11,811 M","614,920 K","3,361 M","-90,270 K",0.93,1.72%,85.48%,41.83%,0.97%,77.88%,8.56%,23.65%,126.32%,25.16,2.19,12.58,0.59,19.18,9.41,22.14,31.49,7.73,2.6,8.23,14.89
VIAB,"12,432,306","402,340","13,263 M","1,874 M","3,073 M","537,000 K",1.46,1.33%,80.99%,-31.37%,-55.39%,-53.53%,-4.49%,-10.45%,-23.81%,8.18,1.16,6.5,1.52,1.91,16.47,7.67,26.28,,0.93,1.87,4.58
VLO,"41,230,072","433,180","93,980 M","4,065 M","26,392 M","2,371 M",1.02,0.45%,80.89%,47.16%,59.35%,132.66%,-32.51%,-11.27%,330.77%,19.25,1.12,4.63,0.38,9.93,52.78,13.69,10.3,0.68,0.44,1.82,7.85
VMC,"15,044,428","132,480","3,890 M","601,190 K","977,490 K","327,550 K",0.98,0.89%,92.23%,-8.48%,36.26%,132.32%,51.53%,-522.22%,2400.00%,38.74,1.27,4.34,0.57,21.62,37.56,26.09,8.68,-3.84,3.98,3.11,2.22
VNO,"12,679,265","189,980","2,084 M","227,420 K","308,480 K","44,330 K",0.86,9.72%,88.82%,-17.83%,-22.34%,-4.56%,-24.66%,-7.09%,464.89%,17.24,4.13,1.54,0.2,17.53,26.37,17.26,5.44,30.56,6.18,3.13,1.92
VRSK,"17,196,028","165,140","2,145 M","555,100 K","570,300 K","204,600 K",0.67,3.41%,92.45%,33.28%,42.92%,70.29%,39.81%,56.59%,0.00%,32.85,2.42,10.17,1.19,22.18,11.69,26.21,33.58,21.32,8.12,9.02,6.79
VRSN,"11,430,053","97,120","1,165 M","457,250 K","295,500 K","102,840 K",0.86,0.92%,37.38%,73.71%,151.85%,33.37%,107.91%,0.00%,0.96 on 02/08/18,32.84,,17.13,-1.41,23.17,-12.79,28.09,-36.88,107.15,9.94,,5.39
VRTX,"39,162,532","253,890","2,489 M","263,480 K","651,630 K","100,680 K",1.49,1.80%,94.48%,37.21%,20.07%,176.73%,62.97%,17.65%,0.00%,199.57,2.24,6.28,0.01,150.34,8.08,90.9,11.02,-266.58,16.08,19.52,0.73
VTR,"17,959,100","356,190","3,574 M","1,356 M","895,290 K","392,550 K",0.09,1.30%,88.78%,-23.23%,-31.91%,-34.67%,43.81%,42.86%,25.81%,12.0,3.26,2.68,1.03,11.7,30.69,12.54,5.99,17.48,4.99,1.63,2.3
VZ,"195,995,536","4,127,960","126,034 M","30,101 M","33,955 M","18,669 M",0.64,0.09%,64.00%,-2.82%,-3.54%,-6.65%,8.79%,66.96%,14.85%,12.86,1.96,6.05,2.54,6.1,10.96,10.45,48.98,6.12,1.58,4.4,5.35
WAT,"15,352,647","78,780","2,309 M","20,310 K","687,270 K","-353,170 K",0.93,5.07%,94.51%,27.54%,54.95%,106.59%,25.25%,51.93%,0.00%,26.89,2.41,11.9,0.85,22.6,28.09,23.86,24.7,23.63,6.88,7.18,12.28
WBA,"62,941,296","991,670","118,214 M","4,078 M","33,021 M","1,349 M",1.16,14.80%,60.94%,-23.07%,-31.03%,30.14%,65.03%,88.19%,61.05%,11.44,1.04,8.42,0.48,9.67,28.41,10.67,20.37,,0.54,2.28,8.0
WDC,"26,116,840","297,560","19,093 M","397,000 K","5,336 M","-823,000 K",1.03,0.31%,84.71%,6.36%,-8.47%,67.76%,53.01%,1.28%,0.00%,7.8,0.37,11.78,1.04,5.55,38.11,6.88,30.78,7.62,1.41,2.38,1.91
WEC,"19,892,272","315,550","7,649 M","1,205 M","2,055 M","432,900 K",0.07,0.97%,72.96%,4.26%,26.97%,44.62%,80.12%,33.62%,73.33%,20.18,4.55,3.24,0.92,11.14,30.08,19.12,10.81,11.83,2.61,2.11,4.82
WELL,"20,445,566","371,670","4,317 M","522,770 K","1,104 M","-99,840 K",0.2,0.17%,86.14%,-24.38%,-27.80%,-22.64%,136.90%,40.00%,0.00%,13.0,2.32,2.24,0.83,13.87,40.3,13.63,4.35,,4.71,1.43,1.62
WFC,"254,764,880","4,877,750","97,741 M","22,183 M","24,904 M","6,320 M",1.13,0.09%,77.33%,-3.46%,-3.85%,40.37%,7.12%,22.32%,57.14%,13.05,1.4,1.14,1.23,9.42,42.54,11.13,12.24,15.97,2.66,1.43,5.32
WHR,"10,498,879","70,690","21,253 M","350,000 K","5,702 M","-268,000 K",1.84,2.83%,90.27%,-10.93%,-24.10%,24.81%,17.14%,94.89%,115.00%,11.07,0.83,5.08,0.86,6.46,72.23,9.7,18.37,1.38,0.51,2.11,6.48
WLTW,"19,323,952","132,220","8,202 M","568,000 K","2,078 M","245,000 K",0.88,6.70%,93.75%,14.47%,8.95%,102.56%,135.69%,24.60%,-25.87%,17.49,1.22,3.56,0.43,9.86,77.62,14.98,11.25,,2.39,1.91,3.6
WM,"36,519,352","433,670","14,485 M","1,949 M","3,652 M","903,000 K",0.7,0.19%,76.76%,15.83%,52.72%,114.77%,6.12%,54.81%,19.72%,26.71,1.95,6.77,1.45,12.9,13.91,20.86,25.48,7.36,2.58,6.18,7.04
WMB,"20,170,306","827,330","8,031 M","2,174 M","2,228 M","1,687 M",1.39,0.53%,86.47%,-19.28%,-52.08%,-35.38%,7.28%,-43.24%,-83.47%,40.0,,1.1,1.26,9.08,19.56,30.4,3.38,-5.42,2.55,1.27,1.49
WMT,"256,808,720","2,962,380","500,343 M","9,862 M","136,267 M","2,175 M",0.54,51.39%,30.00%,19.67%,7.49%,10.35%,6.65%,-11.95%,28.30%,19.91,3.2,6.51,0.52,10.92,27.28,17.62,16.85,3.87,0.52,3.22,7.49
WRK,"15,983,895","255,130","14,860 M","708,200 K","3,894 M","1,135 M",1.37,2.68%,88.27%,24.31%,0.00%,0.00%,172.21%,109.60%,-72.13%,21.34,1.26,3.17,0.47,9.03,44.66,15.42,7.45,,1.11,1.44,4.09
WU,"8,565,945","459,300","5,524 M","-557,100 K","1,438 M","-1,120,900 K",1.02,1.10%,-2.58%,-9.55%,24.00%,-2.48%,3.45%,62.79%,0.47 on 02/13/18,10.66,2.31,8.87,-6.17,5.57,-1.07,10.04,206.81,17.89,1.59,,3.45
WY,"26,826,426","756,100","7,196 M","582,000 K","1,823 M","271,000 K",1.37,1.20%,76.08%,2.27%,10.02%,11.64%,1.94%,98.28%,101.61%,31.08,5.27,4.68,0.7,19.37,11.79,26.17,9.62,22.53,3.76,3.03,2.82
WYN,"10,997,122","99,720","5,076 M","871,000 K","649,000 K","449,000 K",1.35,2.39%,93.03%,31.08%,21.32%,68.99%,11.95%,70.28%,152.17%,18.33,,6.19,6.44,14.68,8.71,15.39,92.39,10.39,2.23,13.02,4.78
WYNN,"18,413,030","103,160","6,306 M","747,180 K","1,689 M","491,680 K",1.4,13.20%,70.30%,55.61%,31.22%,38.86%,22.35%,1.87%,-78.95%,33.94,,4.49,8.87,16.37,10.49,22.98,100.14,7.6,2.96,17.27,2.44
XEC,"8,633,503","95,440","1,918 M","494,330 K","550,940 K","174,700 K",1.19,1.70%,92.33%,-22.72%,-27.64%,25.07%,18.12%,10.98%,-30.43%,20.12,,9.47,0.58,10.06,26.96,12.54,18.73,31.58,4.67,3.48,14.15
XEL,"23,128,770","508,660","11,404 M","1,148 M","2,796 M","189,330 K",0.12,0.22%,73.35%,2.36%,31.15%,47.06%,12.60%,26.37%,34.58%,19.78,3.21,2.78,1.27,8.36,22.56,18.65,10.39,7.76,2.04,2.03,3.55
XL,"14,171,260","256,030","11,328 M","-560,400 K","2,901 M","28,830 K",0.48,3.02%,98.97%,39.11%,46.20%,76.89%,56.67%,-201.52%,100.00%,0.0,1.68,-0.83,0.28,,44.77,15.09,-4.25,4.66,1.26,1.24,-1.6
XLNX,"16,894,568","254,820","2,349 M","622,510 K","631,190 K","11,950 K",1.09,0.40%,91.64%,21.58%,51.27%,78.80%,4.85%,19.59%,73.68%,27.09,2.62,13.68,0.73,25.26,9.28,22.97,27.61,26.68,6.99,7.62,84.16
XOM,"317,258,624","4,237,460","244,363 M","19,710 M","52,035 M","8,380 M",0.91,0.08%,53.12%,-8.93%,-12.49%,-15.87%,-49.33%,-55.62%,40.37%,21.47,1.14,4.35,0.13,9.16,45.9,15.59,8,8.62,1.32,1.66,32.07
XRAY,"11,145,677","227,370","3,993 M","-1,550,000 K","1,091 M","-650,400 K",1.26,1.99%,97.79%,-20.17%,-5.18%,16.60%,36.37%,19.82%,59.09%,18.83,2.19,5.61,0.24,4.46,28.86,17.91,8.35,12.0,2.85,1.74,-40.87
XRX,"7,125,667","254,670","10,265 M","195,000 K","2,747 M","-166,000 K",1.19,0.29%,85.74%,-1.86%,-19.92%,17.20%,-54.15%,-15.53%,1772.06%,8.32,,5.5,0.99,4.99,21.63,8.16,17.13,4.54,0.7,1.36,0.0
XYL,"13,563,706","179,890","4,707 M","331,000 K","1,277 M","71,000 K",1.1,0.75%,86.03%,50.09%,114.20%,163.64%,24.16%,35.59%,80.00%,32.47,1.49,6.44,0.87,20.9,14.03,25.86,17.95,,2.97,5.53,6.68
YUM,"28,083,796","332,510","5,878 M","1,340 M","1,577 M","436,000 K",0.85,7.38%,74.94%,32.61%,46.71%,73.16%,-56.88%,-9.20%,0.84%,28.96,2.06,19.56,-1.49,22.21,-18.8,25.82,-17.27,10.38,4.87,,6.17
ZBH,"21,367,316","203,150","7,824 M","1,814 M","2,074 M","1,231 M",1.17,1.07%,86.51%,-10.23%,-10.45%,39.39%,74.97%,51.51%,33.33%,13.49,1.89,6.19,0.76,7.24,57.96,13.48,15.46,,2.81,1.87,2.42
ZION,"10,108,474","196,510","2,736 M","592,000 K","703,000 K","125,000 K",1.38,1.46%,94.63%,26.59%,88.22%,110.82%,11.28%,134.43%,1000.00%,18.49,1.55,0.98,0.75,12.66,38.88,13.91,9.04,0.22,3.8,1.47,14.76
ZTS,"39,290,692","485,250","5,307 M","864,000 K","1,460 M","81,000 K",0.96,0.31%,92.35%,57.23%,71.66%,143.67%,22.39%,122.22%,0.00%,34.8,1.87,14.22,2.77,28.52,3.67,26.58,65.96,,7.64,22.79,9.71
